-- phpMyAdmin SQL Dump
-- version 4.9.5deb2
-- https://www.phpmyadmin.net/
--
-- Host: localhost:3306
-- Generation Time: Feb 28, 2022 at 08:01 PM
-- Server version: 8.0.28-0ubuntu0.20.04.3
-- PHP Version: 7.4.3

SET SQL_MODE = "NO_AUTO_VALUE_ON_ZERO";
SET AUTOCOMMIT = 0;
START TRANSACTION;
SET time_zone = "+00:00";


/*!40101 SET @OLD_CHARACTER_SET_CLIENT=@@CHARACTER_SET_CLIENT */;
/*!40101 SET @OLD_CHARACTER_SET_RESULTS=@@CHARACTER_SET_RESULTS */;
/*!40101 SET @OLD_COLLATION_CONNECTION=@@COLLATION_CONNECTION */;
/*!40101 SET NAMES utf8mb4 */;

--
-- Database: `country_data`
--

-- --------------------------------------------------------

--
-- Table structure for table `constituencies`
--

CREATE TABLE `constituencies` (
  `id` int UNSIGNED NOT NULL,
  `name` varchar(45) CHARACTER SET utf8mb4 COLLATE utf8mb4_unicode_ci NOT NULL,
  `district_id` int UNSIGNED NOT NULL,
  `created_at` timestamp NULL DEFAULT NULL,
  `updated_at` timestamp NULL DEFAULT NULL
) ENGINE=InnoDB DEFAULT CHARSET=utf8mb4 COLLATE=utf8mb4_unicode_ci;

--
-- Dumping data for table `constituencies`
--

INSERT INTO `constituencies` (`id`, `name`, `district_id`, `created_at`, `updated_at`) VALUES
(1, 'Chitipa East', 1, '2019-02-12 05:06:14', '2019-02-12 05:06:14'),
(2, 'Chitipa South', 1, '2019-02-12 05:06:14', '2019-02-12 05:06:14'),
(3, 'Chitipa Central', 1, '2019-02-12 05:06:14', '2019-02-12 05:06:14'),
(4, 'Chitipa North', 1, '2019-02-12 05:06:14', '2019-02-12 05:06:14'),
(5, 'Chitipa Wenya', 1, '2019-02-12 05:06:14', '2019-02-12 05:06:14'),
(6, 'Karonga North', 2, '2019-02-12 05:06:14', '2019-02-12 05:06:14'),
(7, 'Karonga North West', 2, '2019-02-12 05:06:14', '2019-02-12 05:06:14'),
(8, 'Karonga Central', 2, '2019-02-12 05:06:14', '2019-02-12 05:06:14'),
(9, 'Karonga Nyungwe', 2, '2019-02-12 05:06:14', '2019-02-12 05:06:14'),
(10, 'Karonga South', 2, '2019-02-12 05:06:14', '2019-02-12 05:06:14'),
(11, 'Rumphi East', 3, '2019-02-12 05:06:14', '2019-02-12 05:06:14'),
(12, 'Rumphi Central', 3, '2019-02-12 05:06:14', '2019-02-12 05:06:14'),
(13, 'Rumphi West', 3, '2019-02-12 05:06:14', '2019-02-12 05:06:14'),
(14, 'Rumphi North', 3, '2019-02-12 05:06:14', '2019-02-12 05:06:14'),
(15, 'Nkhatabay North', 4, '2019-02-12 05:06:14', '2019-02-12 05:06:14'),
(16, 'Nkhatabay Central', 4, '2019-02-12 05:06:14', '2019-02-12 05:06:14'),
(17, 'Nkhatabay West', 4, '2019-02-12 05:06:14', '2019-02-12 05:06:14'),
(18, 'Nkhatabay North West', 4, '2019-02-12 05:06:14', '2019-02-12 05:06:14'),
(19, 'Nkhatabay South East', 4, '2019-02-12 05:06:14', '2019-02-12 05:06:14'),
(20, 'Nkhatabay South', 4, '2019-02-12 05:06:14', '2019-02-12 05:06:14'),
(21, 'Likoma Islands', 5, '2019-02-12 05:06:14', '2019-02-12 05:06:14'),
(22, 'Mzuzu City', 6, '2019-02-12 05:06:14', '2019-02-12 05:06:14'),
(23, 'Mzimba North', 6, '2019-02-12 05:06:14', '2019-02-12 05:06:14'),
(24, 'Mzimba North East', 6, '2019-02-12 05:06:14', '2019-02-12 05:06:14'),
(25, 'Mzimba West', 6, '2019-02-12 05:06:14', '2019-02-12 05:06:14'),
(26, 'Mzimba South', 6, '2019-02-12 05:06:14', '2019-02-12 05:06:14'),
(27, 'Mzimba Central', 6, '2019-02-12 05:06:14', '2019-02-12 05:06:14'),
(28, 'Mzimba Hora', 6, '2019-02-12 05:06:14', '2019-02-12 05:06:14'),
(29, 'Mzimba Luwerezi', 6, '2019-02-12 05:06:14', '2019-02-12 05:06:14'),
(30, 'Mzimba Solola', 6, '2019-02-12 05:06:14', '2019-02-12 05:06:14'),
(31, 'Mzimba East', 6, '2019-02-12 05:06:14', '2019-02-12 05:06:14'),
(32, 'Mzimba South West', 6, '2019-02-12 05:06:14', '2019-02-12 05:06:14'),
(33, 'Mzimba South East', 6, '2019-02-12 05:06:14', '2019-02-12 05:06:14'),
(34, 'Kasungu North', 7, '2019-02-12 05:06:14', '2019-02-12 05:06:14'),
(35, 'Kasungu North North East', 7, '2019-02-12 05:06:14', '2019-02-12 05:06:14'),
(36, 'Kasungu West', 7, '2019-02-12 05:06:14', '2019-02-12 05:06:14'),
(37, 'Kasungu North West', 7, '2019-02-12 05:06:14', '2019-02-12 05:06:14'),
(38, 'Kasungu South', 7, '2019-02-12 05:06:14', '2019-02-12 05:06:14'),
(39, 'Kasungu South East', 7, '2019-02-12 05:06:14', '2019-02-12 05:06:14'),
(40, 'Kasungu East', 7, '2019-02-12 05:06:14', '2019-02-12 05:06:14'),
(41, 'Kasungu Central', 7, '2019-02-12 05:06:14', '2019-02-12 05:06:14'),
(42, 'Kasungu North East', 7, '2019-02-12 05:06:14', '2019-02-12 05:06:14'),
(43, 'Nkhotakota North', 8, '2019-02-12 05:06:14', '2019-02-12 05:06:14'),
(44, 'Nkhotakota North East', 8, '2019-02-12 05:06:14', '2019-02-12 05:06:14'),
(45, 'Nkhotakota Central', 8, '2019-02-12 05:06:14', '2019-02-12 05:06:14'),
(46, 'Nkhotakota South', 8, '2019-02-12 05:06:14', '2019-02-12 05:06:14'),
(47, 'Nkhotakota South East', 8, '2019-02-12 05:06:14', '2019-02-12 05:06:14'),
(48, 'Ntchisi East', 9, '2019-02-12 05:06:14', '2019-02-12 05:06:14'),
(49, 'Ntchisi South', 9, '2019-02-12 05:06:14', '2019-02-12 05:06:14'),
(50, 'Ntchisi North', 9, '2019-02-12 05:06:14', '2019-02-12 05:06:14'),
(51, 'Ntchisi North East', 9, '2019-02-12 05:06:14', '2019-02-12 05:06:14'),
(52, 'Dowa East', 10, '2019-02-12 05:06:14', '2019-02-12 05:06:14'),
(53, 'Dowa South East', 10, '2019-02-12 05:06:14', '2019-02-12 05:06:14'),
(54, 'Dowa North East', 10, '2019-02-12 05:06:14', '2019-02-12 05:06:14'),
(55, 'Dowa Ngala', 10, '2019-02-12 05:06:14', '2019-02-12 05:06:14'),
(56, 'Dowa Central', 10, '2019-02-12 05:06:14', '2019-02-12 05:06:14'),
(57, 'Dowa West', 10, '2019-02-12 05:06:14', '2019-02-12 05:06:14'),
(58, 'Dowa North', 10, '2019-02-12 05:06:14', '2019-02-12 05:06:14'),
(59, 'Salima North', 11, '2019-02-12 05:06:14', '2019-02-12 05:06:14'),
(60, 'Salima Central', 11, '2019-02-12 05:06:14', '2019-02-12 05:06:14'),
(61, 'Salima South', 11, '2019-02-12 05:06:14', '2019-02-12 05:06:14'),
(62, 'Salima South East', 11, '2019-02-12 05:06:14', '2019-02-12 05:06:14'),
(63, 'Salima North West', 11, '2019-02-12 05:06:14', '2019-02-12 05:06:14'),
(64, 'Mchinji North', 12, '2019-02-12 05:06:14', '2019-02-12 05:06:14'),
(65, 'Mchinji North East', 12, '2019-02-12 05:06:14', '2019-02-12 05:06:14'),
(66, 'Mchinji East', 12, '2019-02-12 05:06:14', '2019-02-12 05:06:14'),
(67, 'Mchinji West', 12, '2019-02-12 05:06:14', '2019-02-12 05:06:14'),
(68, 'Mchinji South', 12, '2019-02-12 05:06:14', '2019-02-12 05:06:14'),
(69, 'Mchinji South West', 12, '2019-02-12 05:06:14', '2019-02-12 05:06:14'),
(70, 'Lilongwe Mapuyu North', 13, '2019-02-12 05:06:14', '2019-02-12 05:06:14'),
(71, 'Lilongwe Mapuyu South', 13, '2019-02-12 05:06:14', '2019-02-12 05:06:14'),
(72, 'Lilongwe North', 13, '2019-02-12 05:06:14', '2019-02-12 05:06:14'),
(73, 'Lilongwe Msozi South', 13, '2019-02-12 05:06:14', '2019-02-12 05:06:14'),
(74, 'Lilongwe Msozi North', 13, '2019-02-12 05:06:14', '2019-02-12 05:06:14'),
(75, 'Lilongwe Kumachenga', 13, '2019-02-12 05:06:14', '2019-02-12 05:06:14'),
(76, 'Lilongwe North East', 13, '2019-02-12 05:06:14', '2019-02-12 05:06:14'),
(77, 'Lilongwe Mpenu Nkhoma', 13, '2019-02-12 05:06:14', '2019-02-12 05:06:14'),
(78, 'Lilongwe Mpenu', 13, '2019-02-12 05:06:14', '2019-02-12 05:06:14'),
(79, 'Lilongwe South East', 13, '2019-02-12 05:06:14', '2019-02-12 05:06:14'),
(80, 'Lilongwe East', 13, '2019-02-12 05:06:14', '2019-02-12 05:06:14'),
(81, 'Lilongwe Central', 13, '2019-02-12 05:06:14', '2019-02-12 05:06:14'),
(82, 'Lilongwe North West', 13, '2019-02-12 05:06:14', '2019-02-12 05:06:14'),
(83, 'Lilongwe City North', 13, '2019-02-12 05:06:14', '2019-02-12 05:06:14'),
(84, 'Lilongwe South West', 13, '2019-02-12 05:06:14', '2019-02-12 05:06:14'),
(85, 'Lilongwe Msinja North', 13, '2019-02-12 05:06:14', '2019-02-12 05:06:14'),
(86, 'Lilongwe Msinja South', 13, '2019-02-12 05:06:14', '2019-02-12 05:06:14'),
(87, 'Lilongwe South', 13, '2019-02-12 05:06:14', '2019-02-12 05:06:14'),
(88, 'Lilongwe City West', 13, '2019-02-12 05:06:14', '2019-02-12 05:06:14'),
(89, 'Lilongwe City Centre', 13, '2019-02-12 05:06:14', '2019-02-12 05:06:14'),
(90, 'Lilongwe City North', 13, '2019-02-12 05:06:14', '2019-02-12 05:06:14'),
(91, 'Lilongwe City South East', 13, '2019-02-12 05:06:14', '2019-02-12 05:06:14'),
(92, 'Lilongwe City South West', 13, '2019-02-12 05:06:14', '2019-02-12 05:06:14'),
(93, 'Dedza North', 14, '2019-02-12 05:06:14', '2019-02-12 05:06:14'),
(94, 'Dedza Central', 14, '2019-02-12 05:06:14', '2019-02-12 05:06:14'),
(95, 'Dedza South West', 14, '2019-02-12 05:06:14', '2019-02-12 05:06:14'),
(96, 'Dedza North West', 14, '2019-02-12 05:06:14', '2019-02-12 05:06:14'),
(97, 'Dedza East', 14, '2019-02-12 05:06:14', '2019-02-12 05:06:14'),
(98, 'Dedza South', 14, '2019-02-12 05:06:14', '2019-02-12 05:06:14'),
(99, 'Dedza West', 14, '2019-02-12 05:06:14', '2019-02-12 05:06:14'),
(100, 'Dedza Central East', 14, '2019-02-12 05:06:14', '2019-02-12 05:06:14'),
(101, 'Ntcheu North East', 15, '2019-02-12 05:06:14', '2019-02-12 05:06:14'),
(102, 'Ntcheu Bwanje North', 15, '2019-02-12 05:06:14', '2019-02-12 05:06:14'),
(103, 'Ntcheu Bwanje South', 15, '2019-02-12 05:06:14', '2019-02-12 05:06:14'),
(104, 'Ntcheu Central', 15, '2019-02-12 05:06:14', '2019-02-12 05:06:14'),
(105, 'Ntcheu South', 15, '2019-02-12 05:06:14', '2019-02-12 05:06:14'),
(106, 'Ntcheu North', 15, '2019-02-12 05:06:14', '2019-02-12 05:06:14'),
(107, 'Ntcheu West', 15, '2019-02-12 05:06:14', '2019-02-12 05:06:14'),
(108, 'Mangochi North', 16, '2019-02-12 05:06:14', '2019-02-12 05:06:14'),
(109, 'Mangochi North East', 16, '2019-02-12 05:06:14', '2019-02-12 05:06:14'),
(110, 'Mangochi Malombe', 16, '2019-02-12 05:06:14', '2019-02-12 05:06:14'),
(111, 'Mangochi East', 16, '2019-02-12 05:06:14', '2019-02-12 05:06:14'),
(112, 'Mangochi South', 16, '2019-02-12 05:06:14', '2019-02-12 05:06:14'),
(113, 'Mangochi South West', 16, '2019-02-12 05:06:14', '2019-02-12 05:06:14'),
(114, 'Mangochi Central', 16, '2019-02-12 05:06:14', '2019-02-12 05:06:14'),
(115, 'Mangochi Town', 16, '2019-02-12 05:06:14', '2019-02-12 05:06:14'),
(116, 'Mangochi Nkungulu', 16, '2019-02-12 05:06:14', '2019-02-12 05:06:14'),
(117, 'Mangochi West', 16, '2019-02-12 05:06:14', '2019-02-12 05:06:14'),
(118, 'Mangochi Monkey Bay', 16, '2019-02-12 05:06:14', '2019-02-12 05:06:14'),
(119, 'Mangochi Lutende', 16, '2019-02-12 05:06:14', '2019-02-12 05:06:14'),
(120, 'Mangochi Masongola', 16, '2019-02-12 05:06:14', '2019-02-12 05:06:14'),
(121, 'Balaka Central East', 17, '2019-02-12 05:06:14', '2019-02-12 05:06:14'),
(122, 'Balaka North', 17, '2019-02-12 05:06:14', '2019-02-12 05:06:14'),
(123, 'Balaka West', 17, '2019-02-12 05:06:14', '2019-02-12 05:06:14'),
(124, 'Balaka South', 17, '2019-02-12 05:06:14', '2019-02-12 05:06:14'),
(125, 'Machinga North East', 18, '2019-02-12 05:06:14', '2019-02-12 05:06:14'),
(126, 'Machinga Central', 18, '2019-02-12 05:06:14', '2019-02-12 05:06:14'),
(127, 'Machinga Central East', 18, '2019-02-12 05:06:14', '2019-02-12 05:06:14'),
(128, 'Machinga East', 18, '2019-02-12 05:06:14', '2019-02-12 05:06:14'),
(129, 'Machinga South', 18, '2019-02-12 05:06:14', '2019-02-12 05:06:14'),
(130, 'Machinga Likwenu', 18, '2019-02-12 05:06:14', '2019-02-12 05:06:14'),
(131, 'Machinga South East', 18, '2019-02-12 05:06:14', '2019-02-12 05:06:14'),
(132, 'Zomba Nsondole', 19, '2019-02-12 05:06:14', '2019-02-12 05:06:14'),
(133, 'Zomba Thondwe', 19, '2019-02-12 05:06:14', '2019-02-12 05:06:14'),
(134, 'Zomba Chingale', 19, '2019-02-12 05:06:14', '2019-02-12 05:06:14'),
(135, 'Zomba Changalume', 19, '2019-02-12 05:06:14', '2019-02-12 05:06:14'),
(136, 'Zomba Lisanjala', 19, '2019-02-12 05:06:14', '2019-02-12 05:06:14'),
(137, 'Zomba Malosa', 19, '2019-02-12 05:06:14', '2019-02-12 05:06:14'),
(138, 'Zomba Ntonya', 19, '2019-02-12 05:06:14', '2019-02-12 05:06:14'),
(139, 'Zomba Likangala', 19, '2019-02-12 05:06:14', '2019-02-12 05:06:14'),
(140, 'Zomba Chisi', 19, '2019-02-12 05:06:14', '2019-02-12 05:06:14'),
(141, 'Zomba Central/City', 19, '2019-02-12 05:06:14', '2019-02-12 05:06:14'),
(142, 'Chiradzulu South', 20, '2019-02-12 05:06:14', '2019-02-12 05:06:14'),
(143, 'Chiradzulu Central', 20, '2019-02-12 05:06:14', '2019-02-12 05:06:14'),
(144, 'Chiradzulu North', 20, '2019-02-12 05:06:14', '2019-02-12 05:06:14'),
(145, 'Chiradzulu East', 20, '2019-02-12 05:06:14', '2019-02-12 05:06:14'),
(146, 'Chiradzulu West', 20, '2019-02-12 05:06:14', '2019-02-12 05:06:14'),
(147, 'Blantyre North', 21, '2019-02-12 05:06:14', '2019-02-12 05:06:14'),
(148, 'Blantyre North East', 21, '2019-02-12 05:06:14', '2019-02-12 05:06:14'),
(149, 'Blantyre Rural East', 21, '2019-02-12 05:06:14', '2019-02-12 05:06:14'),
(150, 'Blantyre South West', 21, '2019-02-12 05:06:14', '2019-02-12 05:06:14'),
(151, 'Blantyre West', 21, '2019-02-12 05:06:14', '2019-02-12 05:06:14'),
(152, 'Blantyre City Centre', 21, '2019-02-12 05:06:14', '2019-02-12 05:06:14'),
(153, 'Blantyre Malabada', 21, '2019-02-12 05:06:14', '2019-02-12 05:06:14'),
(154, 'Blantyre City South', 21, '2019-02-12 05:06:14', '2019-02-12 05:06:14'),
(155, 'Blantyre City East', 21, '2019-02-12 05:06:14', '2019-02-12 05:06:14'),
(156, 'Blantyre Bangwe', 21, '2019-02-12 05:06:14', '2019-02-12 05:06:14'),
(157, 'Blantyre City South East', 21, '2019-02-12 05:06:14', '2019-02-12 05:06:14'),
(158, 'Blantyre City West', 21, '2019-02-12 05:06:14', '2019-02-12 05:06:14'),
(159, 'Blantyre Kabula', 21, '2019-02-12 05:06:14', '2019-02-12 05:06:14'),
(160, 'Mwanza Central', 22, '2019-02-12 05:06:14', '2019-02-12 05:06:14'),
(161, 'Mwanza West', 22, '2019-02-12 05:06:14', '2019-02-12 05:06:14'),
(162, 'Neno South', 23, '2019-02-12 05:06:14', '2019-02-12 05:06:14'),
(163, 'Neno North', 23, '2019-02-12 05:06:14', '2019-02-12 05:06:14'),
(164, 'Thyolo North', 24, '2019-02-12 05:06:14', '2019-02-12 05:06:14'),
(165, 'Thyolo Central', 24, '2019-02-12 05:06:14', '2019-02-12 05:06:14'),
(166, 'Thyolo Thekerani', 24, '2019-02-12 05:06:14', '2019-02-12 05:06:14'),
(167, 'Thyolo East', 24, '2019-02-12 05:06:14', '2019-02-12 05:06:14'),
(168, 'Thyolo East', 24, '2019-02-12 05:06:14', '2019-02-12 05:06:14'),
(169, 'Luchenza Municipal Council', 24, '2019-02-12 05:06:14', '2019-02-12 05:06:14'),
(170, 'Thyolo South West', 24, '2019-02-12 05:06:14', '2019-02-12 05:06:14'),
(171, 'Thyolo Thava', 24, '2019-02-12 05:06:14', '2019-02-12 05:06:14'),
(172, 'Phalombe South', 25, '2019-02-12 05:06:14', '2019-02-12 05:06:14'),
(173, 'Phalombe Central', 25, '2019-02-12 05:06:14', '2019-02-12 05:06:14'),
(174, 'Phalombe North', 25, '2019-02-12 05:06:14', '2019-02-12 05:06:14'),
(175, 'Phalombe East', 25, '2019-02-12 05:06:14', '2019-02-12 05:06:14'),
(176, 'Phalombe North East', 25, '2019-02-12 05:06:14', '2019-02-12 05:06:14'),
(177, 'Mulanje South East', 26, '2019-02-12 05:06:14', '2019-02-12 05:06:14'),
(178, 'Mulanje South', 26, '2019-02-12 05:06:14', '2019-02-12 05:06:14'),
(179, 'Mulanje Central', 26, '2019-02-12 05:06:14', '2019-02-12 05:06:14'),
(180, 'Mulanje Limbuli', 26, '2019-02-12 05:06:14', '2019-02-12 05:06:14'),
(181, 'Mulanje Bale', 26, '2019-02-12 05:06:14', '2019-02-12 05:06:14'),
(182, 'Mulanje South West', 26, '2019-02-12 05:06:14', '2019-02-12 05:06:14'),
(183, 'Mulanje Pasani', 26, '2019-02-12 05:06:14', '2019-02-12 05:06:14'),
(184, 'Mulanje West', 26, '2019-02-12 05:06:14', '2019-02-12 05:06:14'),
(185, 'Mulanje North', 26, '2019-02-12 05:06:14', '2019-02-12 05:06:14'),
(186, 'Chikhwawa South', 27, '2019-02-12 05:06:14', '2019-02-12 05:06:14'),
(187, 'Chikhwawa Nkombezi', 27, '2019-02-12 05:06:14', '2019-02-12 05:06:14'),
(188, 'Chikhwawa Central', 27, '2019-02-12 05:06:14', '2019-02-12 05:06:14'),
(189, 'Chikhwawa North', 27, '2019-02-12 05:06:14', '2019-02-12 05:06:14'),
(190, 'Chikhwawa East', 27, '2019-02-12 05:06:14', '2019-02-12 05:06:14'),
(191, 'Chikhwawa West', 27, '2019-02-12 05:06:14', '2019-02-12 05:06:14'),
(192, 'Nsanje South', 28, '2019-02-12 05:06:14', '2019-02-12 05:06:14'),
(193, 'Nsanje South West', 28, '2019-02-12 05:06:14', '2019-02-12 05:06:14'),
(194, 'Nsanje Central', 28, '2019-02-12 05:06:14', '2019-02-12 05:06:14'),
(195, 'Nsanje Lalanje', 28, '2019-02-12 05:06:14', '2019-02-12 05:06:14'),
(196, 'Nsanje North', 28, '2019-02-12 05:06:14', '2019-02-12 05:06:14'),
(197, 'Mpasa Ward', 25, '2019-03-29 10:54:27', '2019-03-29 10:54:27'),
(198, 'Ngara', 2, '2019-04-10 10:14:05', '2019-04-10 10:14:05'),
(199, 'Sukasanje', 25, '2019-04-10 12:23:52', '2019-04-10 12:23:52'),
(200, 'Dzoole North', 10, '2019-04-30 05:50:05', '2019-04-30 05:50:05'),
(201, 'Mganga', 4, '2019-06-25 08:31:44', '2019-06-25 08:31:44'),
(202, 'Movete', 6, '2019-06-25 09:24:17', '2019-06-25 09:24:17');

-- --------------------------------------------------------

--
-- Table structure for table `districts`
--

CREATE TABLE `districts` (
  `id` int UNSIGNED NOT NULL,
  `name` varchar(20) CHARACTER SET utf8mb4 COLLATE utf8mb4_unicode_ci NOT NULL,
  `code` varchar(5) CHARACTER SET utf8mb4 COLLATE utf8mb4_unicode_ci NOT NULL,
  `region` enum('Northern','Central','Southern','Eastern') CHARACTER SET utf8mb4 COLLATE utf8mb4_unicode_ci NOT NULL,
  `created_at` timestamp NULL DEFAULT NULL,
  `updated_at` timestamp NULL DEFAULT NULL
) ENGINE=InnoDB DEFAULT CHARSET=utf8mb4 COLLATE=utf8mb4_unicode_ci;

--
-- Dumping data for table `districts`
--

INSERT INTO `districts` (`id`, `name`, `code`, `region`, `created_at`, `updated_at`) VALUES
(1, 'Chitipa', 'CP', 'Northern', '2019-02-12 05:06:14', '2019-02-12 05:06:14'),
(2, 'Karonga', 'KA', 'Northern', '2019-02-12 05:06:14', '2019-02-12 05:06:14'),
(3, 'Rumphi', 'RU', 'Northern', '2019-02-12 05:06:14', '2019-02-12 05:06:14'),
(4, 'Nkhatabay', 'NB', 'Northern', '2019-02-12 05:06:14', '2019-02-12 05:06:14'),
(5, 'Likoma', 'LA', 'Northern', '2019-02-12 05:06:14', '2019-02-12 05:06:14'),
(6, 'Mzimba', 'MZ', 'Northern', '2019-02-12 05:06:14', '2019-02-12 05:06:14'),
(7, 'Kasungu', 'KU', 'Central', '2019-02-12 05:06:14', '2019-02-12 05:06:14'),
(8, 'Nkhotakota', 'KK', 'Central', '2019-02-12 05:06:14', '2019-02-12 05:06:14'),
(9, 'Ntchisi', 'NS', 'Central', '2019-02-12 05:06:14', '2019-02-12 05:06:14'),
(10, 'Dowa', 'DA', 'Central', '2019-02-12 05:06:14', '2019-02-12 05:06:14'),
(11, 'Salima', 'SA', 'Central', '2019-02-12 05:06:14', '2019-02-12 05:06:14'),
(12, 'Mchinji', 'MC', 'Central', '2019-02-12 05:06:14', '2019-02-12 05:06:14'),
(13, 'Lilongwe', 'LL', 'Central', '2019-02-12 05:06:14', '2019-02-12 05:06:14'),
(14, 'Dedza', 'DZ', 'Central', '2019-02-12 05:06:14', '2019-02-12 05:06:14'),
(15, 'Ntcheu', 'NU', 'Central', '2019-02-12 05:06:14', '2019-02-12 05:06:14'),
(16, 'Mangochi', 'MH', 'Eastern', '2019-02-12 05:06:14', '2019-02-12 05:06:14'),
(17, 'Balaka', 'BLK', 'Eastern', '2019-02-12 05:06:14', '2019-02-12 05:06:14'),
(18, 'Machinga', 'MHG', 'Eastern', '2019-02-12 05:06:14', '2019-02-12 05:06:14'),
(19, 'Zomba', 'ZA', 'Southern', '2019-02-12 05:06:14', '2019-02-12 05:06:14'),
(20, 'Chiradzulu', 'CZ', 'Southern', '2019-02-12 05:06:14', '2019-02-12 05:06:14'),
(21, 'Blantyre', 'BT', 'Southern', '2019-02-12 05:06:14', '2019-02-12 05:06:14'),
(22, 'Mwanza', 'MN', 'Southern', '2019-02-12 05:06:14', '2019-02-12 05:06:14'),
(23, 'Neno', 'NN', 'Southern', '2019-02-12 05:06:14', '2019-02-12 05:06:14'),
(24, 'Thyolo', 'TO', 'Southern', '2019-02-12 05:06:14', '2019-02-12 05:06:14'),
(25, 'Phalombe', 'PE', 'Northern', '2019-02-12 05:06:14', '2019-02-12 05:06:14'),
(26, 'Mulanje', 'MJ', 'Southern', '2019-02-12 05:06:14', '2019-02-12 05:06:14'),
(27, 'Chikwawa', 'CK', 'Southern', '2019-02-12 05:06:14', '2019-02-12 05:06:14'),
(28, 'Nsanje', 'NE', 'Southern', '2019-02-12 05:06:14', '2019-02-12 05:06:14');

-- --------------------------------------------------------

--
-- Table structure for table `residential_areas`
--

CREATE TABLE `residential_areas` (
  `id` int UNSIGNED NOT NULL,
  `district_id` int UNSIGNED NOT NULL,
  `name` varchar(191) CHARACTER SET utf8mb4 COLLATE utf8mb4_unicode_ci NOT NULL,
  `created_at` timestamp NULL DEFAULT NULL,
  `updated_at` timestamp NULL DEFAULT NULL
) ENGINE=InnoDB DEFAULT CHARSET=utf8mb4 COLLATE=utf8mb4_unicode_ci;

--
-- Dumping data for table `residential_areas`
--

INSERT INTO `residential_areas` (`id`, `district_id`, `name`, `created_at`, `updated_at`) VALUES
(1, 1, 'Iponjola', '2019-02-12 05:06:14', '2019-02-12 05:06:14'),
(2, 1, 'Kapoka', '2019-02-12 05:06:14', '2019-02-12 05:06:14'),
(3, 1, 'Mahowe', '2019-02-12 05:06:14', '2019-02-12 05:06:14'),
(4, 1, 'Nthalire', '2019-02-12 05:06:14', '2019-02-12 05:06:14'),
(5, 1, 'Zambwe', '2019-02-12 05:06:14', '2019-02-12 05:06:14'),
(6, 1, 'Yamba', '2019-02-12 05:06:14', '2019-02-12 05:06:14'),
(7, 1, 'Nkhangwa', '2019-02-12 05:06:14', '2019-02-12 05:06:14'),
(8, 1, 'Hanga', '2019-02-12 05:06:14', '2019-02-12 05:06:14'),
(9, 1, 'Chisenga', '2019-02-12 05:06:14', '2019-02-12 05:06:14'),
(10, 1, 'Wenya', '2019-02-12 05:06:14', '2019-02-12 05:06:14'),
(11, 6, 'Songwe', '2019-02-12 05:06:14', '2019-02-12 05:06:14'),
(12, 2, 'Kaporo', '2019-02-12 05:06:14', '2019-02-12 05:06:14'),
(13, 2, 'Chilanga', '2019-02-12 05:06:14', '2019-02-12 05:06:14'),
(14, 2, 'Rukuru', '2019-02-12 05:06:14', '2019-02-12 05:06:14'),
(15, 2, 'Lupembe', '2019-02-12 05:06:14', '2019-02-12 05:06:14'),
(16, 2, 'Mlale', '2019-02-12 05:06:14', '2019-02-12 05:06:14'),
(17, 2, 'Nyungwe', '2019-02-12 05:06:14', '2019-02-12 05:06:14'),
(18, 2, 'Zgeba', '2019-02-12 05:06:14', '2019-02-12 05:06:14'),
(19, 2, 'Khwawa', '2019-02-12 05:06:14', '2019-02-12 05:06:14'),
(20, 2, 'Uliwa', '2019-02-12 05:06:14', '2019-02-12 05:06:14'),
(21, 3, 'Tcharo', '2019-02-12 05:06:14', '2019-02-12 05:06:14'),
(22, 3, 'Mchenga', '2019-02-12 05:06:14', '2019-02-12 05:06:14'),
(23, 3, 'Chinyolo/Mphompha', '2019-02-12 05:06:14', '2019-02-12 05:06:14'),
(24, 3, 'Mayembe', '2019-02-12 05:06:14', '2019-02-12 05:06:14'),
(25, 3, 'Hewe - Mwazisi', '2019-02-12 05:06:14', '2019-02-12 05:06:14'),
(26, 3, 'Nkhamanga', '2019-02-12 05:06:14', '2019-02-12 05:06:14'),
(27, 3, 'Henga-Phoka', '2019-02-12 05:06:15', '2019-02-12 05:06:15'),
(28, 3, 'Phoka', '2019-02-12 05:06:15', '2019-02-12 05:06:15'),
(29, 4, 'Usisya', '2019-02-12 05:06:15', '2019-02-12 05:06:15'),
(30, 4, 'Chikwina', '2019-02-12 05:06:15', '2019-02-12 05:06:15'),
(31, 4, 'Boma', '2019-02-12 05:06:15', '2019-02-12 05:06:15'),
(32, 4, 'Kandoli', '2019-02-12 05:06:15', '2019-02-12 05:06:15'),
(33, 4, 'Chitheka', '2019-02-12 05:06:15', '2019-02-12 05:06:15'),
(34, 4, 'Tchesamu', '2019-02-12 05:06:15', '2019-02-12 05:06:15'),
(35, 4, 'Kavuzi', '2019-02-12 05:06:15', '2019-02-12 05:06:15'),
(36, 4, 'Mpamba', '2019-02-12 05:06:15', '2019-02-12 05:06:15'),
(37, 4, 'Sanga', '2019-02-12 05:06:15', '2019-02-12 05:06:15'),
(38, 4, 'Chintheche', '2019-02-12 05:06:15', '2019-02-12 05:06:15'),
(39, 4, 'Tukombo', '2019-02-12 05:06:15', '2019-02-12 05:06:15'),
(40, 4, 'Mbamba', '2019-02-12 05:06:15', '2019-02-12 05:06:15'),
(41, 5, 'Likoma', '2019-02-12 05:06:15', '2019-02-12 05:06:15'),
(42, 5, 'Chizumulu', '2019-02-12 05:06:15', '2019-02-12 05:06:15'),
(43, 6, 'Lupaso Nkholongo', '2019-02-12 05:06:15', '2019-02-12 05:06:15'),
(44, 6, 'Chibanja', '2019-02-12 05:06:15', '2019-02-12 05:06:15'),
(45, 6, 'Katawa', '2019-02-12 05:06:15', '2019-02-12 05:06:15'),
(46, 6, 'Mzilawaingwe', '2019-02-12 05:06:15', '2019-02-12 05:06:15'),
(47, 6, 'Mchengautuwa West', '2019-02-12 05:06:15', '2019-02-12 05:06:15'),
(48, 6, 'Chibavi East', '2019-02-12 05:06:15', '2019-02-12 05:06:15'),
(49, 6, 'Jombo/Kaning\'ina', '2019-02-12 05:06:15', '2019-02-12 05:06:15'),
(50, 6, 'Zolozolo East', '2019-02-12 05:06:15', '2019-02-12 05:06:15'),
(51, 6, 'Masasa', '2019-02-12 05:06:15', '2019-02-12 05:06:15'),
(52, 6, 'Msongwe', '2019-02-12 05:06:15', '2019-02-12 05:06:15'),
(53, 6, 'Luwinga', '2019-02-12 05:06:15', '2019-02-12 05:06:15'),
(54, 6, 'Chiputula', '2019-02-12 05:06:15', '2019-02-12 05:06:15'),
(55, 6, 'Mchengautuwa West', '2019-02-12 05:06:15', '2019-02-12 05:06:15'),
(56, 6, 'Chibavi West', '2019-02-12 05:06:15', '2019-02-12 05:06:15'),
(57, 6, 'Zolozolo West', '2019-02-12 05:06:15', '2019-02-12 05:06:15'),
(58, 6, 'Kasito East', '2019-02-12 05:06:15', '2019-02-12 05:06:15'),
(59, 6, 'Kasito West', '2019-02-12 05:06:15', '2019-02-12 05:06:15'),
(60, 6, 'Njuyu', '2019-02-12 05:06:15', '2019-02-12 05:06:15'),
(61, 6, 'Ekwendeni', '2019-02-12 05:06:15', '2019-02-12 05:06:15'),
(62, 6, 'Kafukule', '2019-02-12 05:06:15', '2019-02-12 05:06:15'),
(63, 6, 'Emcisweni', '2019-02-12 05:06:15', '2019-02-12 05:06:15'),
(64, 6, 'Luviri', '2019-02-12 05:06:15', '2019-02-12 05:06:15'),
(65, 6, 'Mabiri', '2019-02-12 05:06:15', '2019-02-12 05:06:15'),
(66, 6, 'Euthini', '2019-02-12 05:06:15', '2019-02-12 05:06:15'),
(67, 6, 'Mbalachanda', '2019-02-12 05:06:15', '2019-02-12 05:06:15'),
(68, 6, 'Bulala', '2019-02-12 05:06:15', '2019-02-12 05:06:15'),
(69, 6, 'Mzalangwe', '2019-02-12 05:06:15', '2019-02-12 05:06:15'),
(70, 6, 'Mabilabo North', '2019-02-12 05:06:15', '2019-02-12 05:06:15'),
(71, 6, 'Mabilabo South', '2019-02-12 05:06:15', '2019-02-12 05:06:15'),
(72, 6, 'Manyamula', '2019-02-12 05:06:15', '2019-02-12 05:06:15'),
(73, 6, 'Perekezi', '2019-02-12 05:06:15', '2019-02-12 05:06:15'),
(74, 6, 'Kampingo Central', '2019-02-12 05:06:15', '2019-02-12 05:06:15'),
(75, 6, 'Walula', '2019-02-12 05:06:15', '2019-02-12 05:06:15'),
(76, 6, 'Engalaweni', '2019-02-12 05:06:15', '2019-02-12 05:06:15'),
(77, 6, 'Kapopo', '2019-02-12 05:06:15', '2019-02-12 05:06:15'),
(78, 6, 'Khonsolo North', '2019-02-12 05:06:15', '2019-02-12 05:06:15'),
(79, 6, 'Khonsolo South', '2019-02-12 05:06:15', '2019-02-12 05:06:15'),
(80, 7, 'Nthembwe', '2019-02-12 05:06:15', '2019-02-12 05:06:15'),
(81, 7, 'Lodjwa', '2019-02-12 05:06:15', '2019-02-12 05:06:15'),
(82, 7, 'Mpeni', '2019-02-12 05:06:15', '2019-02-12 05:06:15'),
(83, 7, 'Mthabua', '2019-02-12 05:06:15', '2019-02-12 05:06:15'),
(84, 7, 'Lisasadzi', '2019-02-12 05:06:15', '2019-02-12 05:06:15'),
(85, 7, 'Lifupa', '2019-02-12 05:06:15', '2019-02-12 05:06:15'),
(86, 7, 'Mpasadzi', '2019-02-12 05:06:15', '2019-02-12 05:06:15'),
(87, 7, 'Matenje', '2019-02-12 05:06:15', '2019-02-12 05:06:15'),
(88, 7, 'Chigodi', '2019-02-12 05:06:15', '2019-02-12 05:06:15'),
(89, 7, 'Rusa', '2019-02-12 05:06:15', '2019-02-12 05:06:15'),
(90, 7, 'Mziza', '2019-02-12 05:06:15', '2019-02-12 05:06:15'),
(91, 7, 'Chibophi', '2019-02-12 05:06:15', '2019-02-12 05:06:15'),
(92, 7, 'Kachokolo', '2019-02-12 05:06:15', '2019-02-12 05:06:15'),
(93, 7, 'Kambira', '2019-02-12 05:06:15', '2019-02-12 05:06:15'),
(94, 7, 'Chipala', '2019-02-12 05:06:15', '2019-02-12 05:06:15'),
(95, 7, 'Mponda', '2019-02-12 05:06:15', '2019-02-12 05:06:15'),
(96, 7, 'Belere', '2019-02-12 05:06:15', '2019-02-12 05:06:15'),
(97, 7, 'Chankhanga', '2019-02-12 05:06:15', '2019-02-12 05:06:15'),
(98, 7, 'Chimbuna', '2019-02-12 05:06:15', '2019-02-12 05:06:15'),
(99, 7, 'Chitete', '2019-02-12 05:06:15', '2019-02-12 05:06:15'),
(100, 7, 'Chithiba', '2019-02-12 05:06:15', '2019-02-12 05:06:15'),
(101, 7, 'Chithiba', '2019-02-12 05:06:15', '2019-02-12 05:06:15'),
(102, 7, 'Bunda', '2019-02-12 05:06:15', '2019-02-12 05:06:15'),
(103, 7, 'Kapalankhwazi', '2019-02-12 05:06:15', '2019-02-12 05:06:15'),
(104, 7, 'Kasalika', '2019-02-12 05:06:15', '2019-02-12 05:06:15'),
(105, 7, 'Kabvunguti', '2019-02-12 05:06:15', '2019-02-12 05:06:15'),
(106, 7, 'Ndonda', '2019-02-12 05:06:15', '2019-02-12 05:06:15'),
(107, 7, 'Mbongozi', '2019-02-12 05:06:15', '2019-02-12 05:06:15'),
(108, 8, 'Kasitu', '2019-02-12 05:06:15', '2019-02-12 05:06:15'),
(109, 8, 'Nkhunga', '2019-02-12 05:06:15', '2019-02-12 05:06:15'),
(110, 8, 'Liwaladzi', '2019-02-12 05:06:15', '2019-02-12 05:06:15'),
(111, 8, 'Bua', '2019-02-12 05:06:15', '2019-02-12 05:06:15'),
(112, 8, 'Mpondagaga', '2019-02-12 05:06:15', '2019-02-12 05:06:15'),
(113, 8, 'Boma', '2019-02-12 05:06:15', '2019-02-12 05:06:15'),
(114, 8, 'Linga-Sani', '2019-02-12 05:06:15', '2019-02-12 05:06:15'),
(115, 8, 'Mpama', '2019-02-12 05:06:15', '2019-02-12 05:06:15'),
(116, 8, 'Mtosa', '2019-02-12 05:06:15', '2019-02-12 05:06:15'),
(117, 8, 'Kasangadzi', '2019-02-12 05:06:15', '2019-02-12 05:06:15'),
(118, 9, 'Katete-Thumba', '2019-02-12 05:06:15', '2019-02-12 05:06:15'),
(119, 9, 'Kalira-Masamba', '2019-02-12 05:06:15', '2019-02-12 05:06:15'),
(120, 9, 'Bawala', '2019-02-12 05:06:15', '2019-02-12 05:06:15'),
(121, 9, 'Masangano', '2019-02-12 05:06:15', '2019-02-12 05:06:15'),
(122, 9, 'Kamlenje', '2019-02-12 05:06:15', '2019-02-12 05:06:15'),
(123, 9, 'Chimbwadzi', '2019-02-12 05:06:15', '2019-02-12 05:06:15'),
(124, 9, 'Langa', '2019-02-12 05:06:15', '2019-02-12 05:06:15'),
(125, 9, 'Mtsiro', '2019-02-12 05:06:15', '2019-02-12 05:06:15'),
(126, 10, 'Chiwere North', '2019-02-12 05:06:15', '2019-02-12 05:06:15'),
(127, 10, 'Chiwere East', '2019-02-12 05:06:15', '2019-02-12 05:06:15'),
(128, 10, 'Mukula East', '2019-02-12 05:06:15', '2019-02-12 05:06:15'),
(129, 10, 'Mukula West', '2019-02-12 05:06:15', '2019-02-12 05:06:15'),
(130, 10, 'Msakambewa East', '2019-02-12 05:06:15', '2019-02-12 05:06:15'),
(131, 10, 'Msakambewa West', '2019-02-12 05:06:15', '2019-02-12 05:06:15'),
(132, 10, 'Chakhaza South-West', '2019-02-12 05:06:15', '2019-02-12 05:06:15'),
(133, 10, 'Chakhaza North-West', '2019-02-12 05:06:15', '2019-02-12 05:06:15'),
(134, 10, 'Mponela', '2019-02-12 05:06:15', '2019-02-12 05:06:15'),
(135, 10, 'Dzoole North', '2019-02-12 05:06:15', '2019-02-12 05:06:15'),
(136, 10, 'Dzoole South', '2019-02-12 05:06:15', '2019-02-12 05:06:15'),
(137, 10, 'Kayembe', '2019-02-12 05:06:15', '2019-02-12 05:06:15'),
(138, 10, 'Chakhaza North', '2019-02-12 05:06:15', '2019-02-12 05:06:15'),
(139, 10, 'Chakhaza South', '2019-02-12 05:06:15', '2019-02-12 05:06:15'),
(140, 11, 'Liwadzi', '2019-02-12 05:06:15', '2019-02-12 05:06:15'),
(141, 11, 'Lingadzi', '2019-02-12 05:06:15', '2019-02-12 05:06:15'),
(142, 11, 'Maganga-Kuluunda', '2019-02-12 05:06:15', '2019-02-12 05:06:15'),
(143, 11, 'Kalonga', '2019-02-12 05:06:15', '2019-02-12 05:06:15'),
(144, 11, 'Ndindi', '2019-02-12 05:06:15', '2019-02-12 05:06:15'),
(145, 11, 'Kambalame', '2019-02-12 05:06:15', '2019-02-12 05:06:15'),
(146, 11, 'Kambwiri', '2019-02-12 05:06:15', '2019-02-12 05:06:15'),
(147, 11, 'Pemba', '2019-02-12 05:06:15', '2019-02-12 05:06:15'),
(148, 11, 'Chitala', '2019-02-12 05:06:15', '2019-02-12 05:06:15'),
(149, 11, 'Lipimbi', '2019-02-12 05:06:15', '2019-02-12 05:06:15'),
(150, 12, 'Mchemani', '2019-02-12 05:06:15', '2019-02-12 05:06:15'),
(151, 12, 'Luweledzi', '2019-02-12 05:06:15', '2019-02-12 05:06:15'),
(152, 12, 'Mponda', '2019-02-12 05:06:15', '2019-02-12 05:06:15'),
(153, 12, 'Kapiri', '2019-02-12 05:06:15', '2019-02-12 05:06:15'),
(154, 12, 'Mikundi', '2019-02-12 05:06:15', '2019-02-12 05:06:15'),
(155, 12, 'Msachembe', '2019-02-12 05:06:15', '2019-02-12 05:06:15'),
(156, 12, 'Mkoma', '2019-02-12 05:06:15', '2019-02-12 05:06:15'),
(157, 12, 'Mtope', '2019-02-12 05:06:15', '2019-02-12 05:06:15'),
(158, 12, 'Msitu', '2019-02-12 05:06:15', '2019-02-12 05:06:15'),
(159, 12, 'Namnjiwa', '2019-02-12 05:06:15', '2019-02-12 05:06:15'),
(160, 12, 'Kalumbe', '2019-02-12 05:06:15', '2019-02-12 05:06:15'),
(161, 12, 'Chimimbe', '2019-02-12 05:06:15', '2019-02-12 05:06:15'),
(162, 13, 'Mapuyu', '2019-02-12 05:06:15', '2019-02-12 05:06:15'),
(163, 13, 'Nyanja', '2019-02-12 05:06:15', '2019-02-12 05:06:15'),
(164, 13, 'Kachawa', '2019-02-12 05:06:15', '2019-02-12 05:06:15'),
(165, 13, 'Kamanzi', '2019-02-12 05:06:15', '2019-02-12 05:06:15'),
(166, 13, 'Demera', '2019-02-12 05:06:15', '2019-02-12 05:06:15'),
(167, 13, 'Kalambe', '2019-02-12 05:06:15', '2019-02-12 05:06:15'),
(168, 13, 'Mlodzenzi', '2019-02-12 05:06:15', '2019-02-12 05:06:15'),
(169, 13, 'Dzanzi', '2019-02-12 05:06:15', '2019-02-12 05:06:15'),
(170, 13, 'Nsanjiko', '2019-02-12 05:06:15', '2019-02-12 05:06:15'),
(171, 13, 'Ngala', '2019-02-12 05:06:15', '2019-02-12 05:06:15'),
(172, 13, 'Njewa', '2019-02-12 05:06:15', '2019-02-12 05:06:15'),
(173, 13, 'Nalikule', '2019-02-12 05:06:15', '2019-02-12 05:06:15'),
(174, 13, 'Chiwamba', '2019-02-12 05:06:15', '2019-02-12 05:06:15'),
(175, 13, 'Nkhoma', '2019-02-12 05:06:15', '2019-02-12 05:06:15'),
(176, 13, 'Chilenje', '2019-02-12 05:06:15', '2019-02-12 05:06:15'),
(177, 13, 'Mkuza', '2019-02-12 05:06:15', '2019-02-12 05:06:15'),
(178, 13, 'Mazengera', '2019-02-12 05:06:15', '2019-02-12 05:06:15'),
(179, 13, 'Mtenthera', '2019-02-12 05:06:15', '2019-02-12 05:06:15'),
(180, 13, 'Nyanja', '2019-02-12 05:06:15', '2019-02-12 05:06:15'),
(181, 13, 'Chowo', '2019-02-12 05:06:15', '2019-02-12 05:06:15'),
(182, 13, 'Chitsime', '2019-02-12 05:06:15', '2019-02-12 05:06:15'),
(183, 13, 'Mlodza', '2019-02-12 05:06:15', '2019-02-12 05:06:15'),
(184, 13, 'Chilobwe', '2019-02-12 05:06:15', '2019-02-12 05:06:15'),
(185, 13, 'Nyang\'amire', '2019-02-12 05:06:15', '2019-02-12 05:06:15'),
(186, 13, 'Mteza', '2019-02-12 05:06:15', '2019-02-12 05:06:15'),
(187, 13, 'Milindi', '2019-02-12 05:06:15', '2019-02-12 05:06:15'),
(188, 13, 'Chiwenga', '2019-02-12 05:06:15', '2019-02-12 05:06:15'),
(189, 13, 'Mthunthumala', '2019-02-12 05:06:15', '2019-02-12 05:06:15'),
(190, 13, 'Bunda', '2019-02-12 05:06:15', '2019-02-12 05:06:15'),
(191, 13, 'Katope', '2019-02-12 05:06:15', '2019-02-12 05:06:15'),
(192, 13, 'Msinja', '2019-02-12 05:06:15', '2019-02-12 05:06:15'),
(193, 13, 'Nadzumi', '2019-02-12 05:06:15', '2019-02-12 05:06:15'),
(194, 13, 'Malingunde', '2019-02-12 05:06:15', '2019-02-12 05:06:15'),
(195, 13, 'Chiputu', '2019-02-12 05:06:15', '2019-02-12 05:06:15'),
(196, 13, 'Chisapo I', '2019-02-12 05:06:15', '2019-02-12 05:06:15'),
(197, 13, 'Chisapo II', '2019-02-12 05:06:15', '2019-02-12 05:06:15'),
(198, 13, 'Phwetekere', '2019-02-12 05:06:15', '2019-02-12 05:06:15'),
(199, 13, 'Mbidzi', '2019-02-12 05:06:15', '2019-02-12 05:06:15'),
(200, 13, 'Chigoneka', '2019-02-12 05:06:15', '2019-02-12 05:06:15'),
(201, 13, 'Mtsiliza', '2019-02-12 05:06:15', '2019-02-12 05:06:15'),
(202, 13, 'Mtandire', '2019-02-12 05:06:15', '2019-02-12 05:06:15'),
(203, 13, 'Mvunguti', '2019-02-12 05:06:15', '2019-02-12 05:06:15'),
(204, 13, 'M\'gona - Chitata', '2019-02-12 05:06:15', '2019-02-12 05:06:15'),
(205, 13, 'Kabwabwa', '2019-02-12 05:06:15', '2019-02-12 05:06:15'),
(206, 13, 'Chimutu', '2019-02-12 05:06:15', '2019-02-12 05:06:15'),
(207, 13, 'Nyama', '2019-02-12 05:06:15', '2019-02-12 05:06:15'),
(208, 13, 'Maria', '2019-02-12 05:06:15', '2019-02-12 05:06:15'),
(209, 13, 'Nankhaka', '2019-02-12 05:06:15', '2019-02-12 05:06:15'),
(210, 13, 'Lumbadzi', '2019-02-12 05:06:15', '2019-02-12 05:06:15'),
(211, 13, 'State House', '2019-02-12 05:06:15', '2019-02-12 05:06:15'),
(212, 13, 'Chilinde I', '2019-02-12 05:06:15', '2019-02-12 05:06:15'),
(213, 13, 'Chilinde II', '2019-02-12 05:06:15', '2019-02-12 05:06:15'),
(214, 13, 'Kaliyeka', '2019-02-12 05:06:15', '2019-02-12 05:06:15'),
(215, 13, 'Tsabango I', '2019-02-12 05:06:15', '2019-02-12 05:06:15'),
(216, 13, 'Tsabango II', '2019-02-12 05:06:15', '2019-02-12 05:06:15'),
(217, 13, 'Kawale I', '2019-02-12 05:06:15', '2019-02-12 05:06:15'),
(218, 13, 'Kawale II', '2019-02-12 05:06:15', '2019-02-12 05:06:15'),
(219, 13, 'Ngwenya', '2019-02-12 05:06:15', '2019-02-12 05:06:15'),
(220, 13, 'Biwi', '2019-02-12 05:06:15', '2019-02-12 05:06:15'),
(221, 13, 'Mchesi', '2019-02-12 05:06:15', '2019-02-12 05:06:15'),
(222, 13, 'Sese', '2019-02-12 05:06:15', '2019-02-12 05:06:15'),
(223, 14, 'Mayani North', '2019-02-12 05:06:15', '2019-02-12 05:06:15'),
(224, 14, 'Mayani South', '2019-02-12 05:06:15', '2019-02-12 05:06:15'),
(225, 14, 'Thiwi', '2019-02-12 05:06:15', '2019-02-12 05:06:15'),
(226, 14, 'Diamphwe', '2019-02-12 05:06:15', '2019-02-12 05:06:15'),
(227, 14, 'Malembo', '2019-02-12 05:06:15', '2019-02-12 05:06:15'),
(228, 14, 'Thete', '2019-02-12 05:06:15', '2019-02-12 05:06:15'),
(229, 14, 'Katewe', '2019-02-12 05:06:15', '2019-02-12 05:06:15'),
(230, 14, 'Magomero', '2019-02-12 05:06:15', '2019-02-12 05:06:15'),
(231, 14, 'Golomoti', '2019-02-12 05:06:15', '2019-02-12 05:06:15'),
(232, 14, 'Mtakataka', '2019-02-12 05:06:15', '2019-02-12 05:06:15'),
(233, 14, 'Bembeke', '2019-02-12 05:06:15', '2019-02-12 05:06:15'),
(234, 14, 'Mlunduni', '2019-02-12 05:06:15', '2019-02-12 05:06:15'),
(235, 14, 'Msunduzi', '2019-02-12 05:06:15', '2019-02-12 05:06:15'),
(236, 14, 'Kambirimbiri', '2019-02-12 05:06:15', '2019-02-12 05:06:15'),
(237, 14, 'Mkundi', '2019-02-12 05:06:15', '2019-02-12 05:06:15'),
(238, 14, 'Chongoni', '2019-02-12 05:06:15', '2019-02-12 05:06:15'),
(239, 15, 'Mphepozinai', '2019-02-12 05:06:15', '2019-02-12 05:06:15'),
(240, 15, 'Kandeu', '2019-02-12 05:06:15', '2019-02-12 05:06:15'),
(241, 15, 'Kasinje', '2019-02-12 05:06:15', '2019-02-12 05:06:15'),
(242, 15, 'Sharpe Valley', '2019-02-12 05:06:15', '2019-02-12 05:06:15'),
(243, 15, 'Mwalawoyera', '2019-02-12 05:06:15', '2019-02-12 05:06:15'),
(244, 15, 'Bilira', '2019-02-12 05:06:15', '2019-02-12 05:06:15'),
(245, 15, 'Dzunje', '2019-02-12 05:06:15', '2019-02-12 05:06:15'),
(246, 15, 'Livilidzi', '2019-02-12 05:06:15', '2019-02-12 05:06:15'),
(247, 15, 'Likudzi', '2019-02-12 05:06:15', '2019-02-12 05:06:15'),
(248, 15, 'Ntonda', '2019-02-12 05:06:15', '2019-02-12 05:06:15'),
(249, 15, 'Njolomole', '2019-02-12 05:06:15', '2019-02-12 05:06:15'),
(250, 15, 'Lizulu', '2019-02-12 05:06:15', '2019-02-12 05:06:15'),
(251, 15, 'Gomani Chikuse', '2019-02-12 05:06:15', '2019-02-12 05:06:15'),
(252, 15, 'Tsangano', '2019-02-12 05:06:15', '2019-02-12 05:06:15'),
(253, 16, 'Makanjira North', '2019-02-12 05:06:15', '2019-02-12 05:06:15'),
(254, 16, 'Makanjira South', '2019-02-12 05:06:15', '2019-02-12 05:06:15'),
(255, 16, 'Malindi', '2019-02-12 05:06:15', '2019-02-12 05:06:15'),
(256, 16, 'Mikongo', '2019-02-12 05:06:15', '2019-02-12 05:06:15'),
(257, 16, 'Maiwa', '2019-02-12 05:06:15', '2019-02-12 05:06:15'),
(258, 16, 'Masanje', '2019-02-12 05:06:15', '2019-02-12 05:06:15'),
(259, 16, 'Katuli North', '2019-02-12 05:06:15', '2019-02-12 05:06:15'),
(260, 16, 'Katuli South', '2019-02-12 05:06:15', '2019-02-12 05:06:15'),
(261, 16, 'Nlimba', '2019-02-12 05:06:15', '2019-02-12 05:06:15'),
(262, 16, 'Chipunga', '2019-02-12 05:06:15', '2019-02-12 05:06:15'),
(263, 16, 'Chilipa', '2019-02-12 05:06:15', '2019-02-12 05:06:15'),
(264, 16, 'Katemba-Mtimabi', '2019-02-12 05:06:15', '2019-02-12 05:06:15'),
(265, 16, 'Koche', '2019-02-12 05:06:15', '2019-02-12 05:06:15'),
(266, 16, 'Thundu', '2019-02-12 05:06:15', '2019-02-12 05:06:15'),
(267, 16, 'Mtumbwasi', '2019-02-12 05:06:15', '2019-02-12 05:06:15'),
(268, 16, 'Mwasa', '2019-02-12 05:06:15', '2019-02-12 05:06:15'),
(269, 16, 'Chigawe', '2019-02-12 05:06:15', '2019-02-12 05:06:15'),
(270, 16, 'Chikole', '2019-02-12 05:06:15', '2019-02-12 05:06:15'),
(271, 16, 'Kalungu', '2019-02-12 05:06:15', '2019-02-12 05:06:15'),
(272, 16, 'Mikomwa', '2019-02-12 05:06:15', '2019-02-12 05:06:15'),
(273, 16, 'Nkanamwano', '2019-02-12 05:06:15', '2019-02-12 05:06:15'),
(274, 16, 'Msikisi', '2019-02-12 05:06:15', '2019-02-12 05:06:15'),
(275, 16, 'Msukamwere', '2019-02-12 05:06:15', '2019-02-12 05:06:15'),
(276, 16, 'Ndege', '2019-02-12 05:06:15', '2019-02-12 05:06:15'),
(277, 16, 'Nkungulu', '2019-02-12 05:06:15', '2019-02-12 05:06:15'),
(278, 16, 'Mpale', '2019-02-12 05:06:15', '2019-02-12 05:06:15'),
(279, 16, 'Mvumba', '2019-02-12 05:06:15', '2019-02-12 05:06:15'),
(280, 16, 'Malembo', '2019-02-12 05:06:15', '2019-02-12 05:06:15'),
(281, 16, 'Monkey Bay', '2019-02-12 05:06:15', '2019-02-12 05:06:15'),
(282, 16, 'Nkope', '2019-02-12 05:06:15', '2019-02-12 05:06:15'),
(283, 16, 'Namavi', '2019-02-12 05:06:15', '2019-02-12 05:06:15'),
(284, 16, 'Mbwazi', '2019-02-12 05:06:15', '2019-02-12 05:06:15'),
(285, 16, 'Majuni', '2019-02-12 05:06:15', '2019-02-12 05:06:15'),
(286, 16, 'Mandimba', '2019-02-12 05:06:15', '2019-02-12 05:06:15'),
(287, 17, 'Shire', '2019-02-12 05:06:15', '2019-02-12 05:06:15'),
(288, 17, 'Nkhonde', '2019-02-12 05:06:15', '2019-02-12 05:06:15'),
(289, 17, 'Bwaila', '2019-02-12 05:06:15', '2019-02-12 05:06:15'),
(290, 17, 'Liwawadzi', '2019-02-12 05:06:15', '2019-02-12 05:06:15'),
(291, 17, 'Liviridzi', '2019-02-12 05:06:15', '2019-02-12 05:06:15'),
(292, 17, 'Mulunguzi', '2019-02-12 05:06:15', '2019-02-12 05:06:15'),
(293, 17, 'Utale', '2019-02-12 05:06:15', '2019-02-12 05:06:15'),
(294, 17, 'Chimwalire', '2019-02-12 05:06:15', '2019-02-12 05:06:15'),
(295, 18, 'Nyambi', '2019-02-12 05:06:15', '2019-02-12 05:06:15'),
(296, 18, 'Mpiri', '2019-02-12 05:06:15', '2019-02-12 05:06:15'),
(297, 18, 'Nsanama', '2019-02-12 05:06:15', '2019-02-12 05:06:15'),
(298, 18, 'Mbonechera', '2019-02-12 05:06:15', '2019-02-12 05:06:15'),
(299, 18, 'Mlomba', '2019-02-12 05:06:15', '2019-02-12 05:06:15'),
(300, 18, 'Kanjuli', '2019-02-12 05:06:15', '2019-02-12 05:06:15'),
(301, 18, 'Kawinga', '2019-02-12 05:06:15', '2019-02-12 05:06:15'),
(302, 18, 'Nkoola', '2019-02-12 05:06:15', '2019-02-12 05:06:15'),
(303, 18, 'Mposa', '2019-02-12 05:06:15', '2019-02-12 05:06:15'),
(304, 18, 'Chamba', '2019-02-12 05:06:15', '2019-02-12 05:06:15'),
(305, 18, 'Chinguni', '2019-02-12 05:06:15', '2019-02-12 05:06:15'),
(306, 18, 'Lisanjala', '2019-02-12 05:06:15', '2019-02-12 05:06:15'),
(307, 18, 'Chikweo', '2019-02-12 05:06:15', '2019-02-12 05:06:15'),
(308, 18, 'Ngokwe', '2019-02-12 05:06:15', '2019-02-12 05:06:15'),
(309, 19, 'Naisi', '2019-02-12 05:06:15', '2019-02-12 05:06:15'),
(310, 19, 'Songani', '2019-02-12 05:06:15', '2019-02-12 05:06:15'),
(311, 19, 'Chikomwe', '2019-02-12 05:06:15', '2019-02-12 05:06:15'),
(312, 19, 'Chimwalira', '2019-02-12 05:06:15', '2019-02-12 05:06:15'),
(313, 19, 'Linthipe', '2019-02-12 05:06:15', '2019-02-12 05:06:15'),
(314, 19, 'Chingale', '2019-02-12 05:06:15', '2019-02-12 05:06:15'),
(315, 19, 'Nswaswa', '2019-02-12 05:06:15', '2019-02-12 05:06:15'),
(316, 19, 'Namilongo', '2019-02-12 05:06:15', '2019-02-12 05:06:15'),
(317, 19, 'Mtungulutsi', '2019-02-12 05:06:15', '2019-02-12 05:06:15'),
(318, 19, 'Chisenjere', '2019-02-12 05:06:15', '2019-02-12 05:06:15'),
(319, 19, 'Lifani', '2019-02-12 05:06:15', '2019-02-12 05:06:15'),
(320, 19, 'Naming\'azi', '2019-02-12 05:06:15', '2019-02-12 05:06:15'),
(321, 19, 'Chanda', '2019-02-12 05:06:15', '2019-02-12 05:06:15'),
(322, 19, 'Ulumba', '2019-02-12 05:06:15', '2019-02-12 05:06:15'),
(323, 19, 'Mbindi', '2019-02-12 05:06:15', '2019-02-12 05:06:15'),
(324, 19, 'Chiphoola', '2019-02-12 05:06:15', '2019-02-12 05:06:15'),
(325, 19, 'Chilwa', '2019-02-12 05:06:15', '2019-02-12 05:06:15'),
(326, 19, 'Matiya', '2019-02-12 05:06:15', '2019-02-12 05:06:15'),
(327, 19, 'Masongola', '2019-02-12 05:06:15', '2019-02-12 05:06:15'),
(328, 19, 'Chinamwali', '2019-02-12 05:06:15', '2019-02-12 05:06:15'),
(329, 19, 'Chirunga', '2019-02-12 05:06:15', '2019-02-12 05:06:15'),
(330, 19, 'Central', '2019-02-12 05:06:15', '2019-02-12 05:06:15'),
(331, 19, 'Likangala', '2019-02-12 05:06:15', '2019-02-12 05:06:15'),
(332, 19, 'Chambo', '2019-02-12 05:06:15', '2019-02-12 05:06:15'),
(333, 19, 'Sadzi', '2019-02-12 05:06:15', '2019-02-12 05:06:15'),
(334, 19, 'Mbedza', '2019-02-12 05:06:15', '2019-02-12 05:06:15'),
(335, 19, 'Mtiya', '2019-02-12 05:06:15', '2019-02-12 05:06:15'),
(336, 19, 'Mpira', '2019-02-12 05:06:15', '2019-02-12 05:06:15'),
(337, 20, 'Mitumbira', '2019-02-12 05:06:15', '2019-02-12 05:06:15'),
(338, 20, 'Chikowa', '2019-02-12 05:06:15', '2019-02-12 05:06:15'),
(339, 20, 'Mombezi', '2019-02-12 05:06:15', '2019-02-12 05:06:15'),
(340, 20, 'Nguludi', '2019-02-12 05:06:15', '2019-02-12 05:06:15'),
(341, 20, 'Nangalukutiche', '2019-02-12 05:06:15', '2019-02-12 05:06:15'),
(342, 20, 'Ntayamwana', '2019-02-12 05:06:15', '2019-02-12 05:06:15'),
(343, 20, 'Mwanje', '2019-02-12 05:06:15', '2019-02-12 05:06:15'),
(344, 20, 'Thumbwe', '2019-02-12 05:06:15', '2019-02-12 05:06:15'),
(345, 20, 'Mulombozi', '2019-02-12 05:06:15', '2019-02-12 05:06:15'),
(346, 20, 'Lirangwe', '2019-02-12 05:06:15', '2019-02-12 05:06:15'),
(347, 21, 'Chikwembere', '2019-02-12 05:06:15', '2019-02-12 05:06:15'),
(348, 21, 'Linjidzi', '2019-02-12 05:06:15', '2019-02-12 05:06:15'),
(349, 21, 'Matindi', '2019-02-12 05:06:15', '2019-02-12 05:06:15'),
(350, 21, 'Lunzu', '2019-02-12 05:06:15', '2019-02-12 05:06:15'),
(351, 21, 'Chilaweni', '2019-02-12 05:06:15', '2019-02-12 05:06:15'),
(352, 21, 'Mudi', '2019-02-12 05:06:15', '2019-02-12 05:06:15'),
(353, 21, 'Mpemba', '2019-02-12 05:06:15', '2019-02-12 05:06:15'),
(354, 21, 'Soche', '2019-02-12 05:06:15', '2019-02-12 05:06:15'),
(355, 21, 'Chilangoma', '2019-02-12 05:06:15', '2019-02-12 05:06:15'),
(356, 21, 'Chikowa', '2019-02-12 05:06:15', '2019-02-12 05:06:15'),
(357, 21, 'Namalimwe', '2019-02-12 05:06:15', '2019-02-12 05:06:15'),
(358, 21, 'Ndirande Matope', '2019-02-12 05:06:15', '2019-02-12 05:06:15'),
(359, 21, 'Ndirande Gamulani', '2019-02-12 05:06:15', '2019-02-12 05:06:15'),
(360, 21, 'Ndirande Makata', '2019-02-12 05:06:15', '2019-02-12 05:06:15'),
(361, 21, 'Nyambadwe', '2019-02-12 05:06:15', '2019-02-12 05:06:15'),
(362, 21, 'Soche East', '2019-02-12 05:06:15', '2019-02-12 05:06:15'),
(363, 21, 'Soche West', '2019-02-12 05:06:15', '2019-02-12 05:06:15'),
(364, 21, 'Green Corner', '2019-02-12 05:06:15', '2019-02-12 05:06:15'),
(365, 21, 'Blantyre South', '2019-02-12 05:06:15', '2019-02-12 05:06:15'),
(366, 21, 'Naotcha', '2019-02-12 05:06:15', '2019-02-12 05:06:15'),
(367, 21, 'Mapanga', '2019-02-12 05:06:15', '2019-02-12 05:06:15'),
(368, 21, 'Nkolokoti', '2019-02-12 05:06:15', '2019-02-12 05:06:15'),
(369, 21, 'Limbe Central', '2019-02-12 05:06:15', '2019-02-12 05:06:15'),
(370, 21, 'Bangwe Nthandizi', '2019-02-12 05:06:15', '2019-02-12 05:06:15'),
(371, 21, 'Mzedi', '2019-02-12 05:06:15', '2019-02-12 05:06:15'),
(372, 21, 'Bangwe', '2019-02-12 05:06:15', '2019-02-12 05:06:15'),
(373, 21, 'Namiyango', '2019-02-12 05:06:15', '2019-02-12 05:06:15'),
(374, 21, 'Chigumula', '2019-02-12 05:06:15', '2019-02-12 05:06:15'),
(375, 21, 'Misesa', '2019-02-12 05:06:15', '2019-02-12 05:06:15'),
(376, 21, 'Mzamba Nantipwiri', '2019-02-12 05:06:15', '2019-02-12 05:06:15'),
(377, 21, 'Makungwa', '2019-02-12 05:06:15', '2019-02-12 05:06:15'),
(378, 21, 'Blantyre City Central', '2019-02-12 05:06:15', '2019-02-12 05:06:15'),
(379, 21, 'Chilomoni', '2019-02-12 05:06:15', '2019-02-12 05:06:15'),
(380, 158, 'Chigwaja', '2019-02-12 05:06:15', '2019-02-12 05:06:15'),
(381, 21, 'Mbayani', '2019-02-12 05:06:15', '2019-02-12 05:06:15'),
(382, 21, 'Michiru', '2019-02-12 05:06:15', '2019-02-12 05:06:15'),
(383, 21, 'South Lunzu', '2019-02-12 05:06:15', '2019-02-12 05:06:15'),
(384, 22, 'Khudze', '2019-02-12 05:06:15', '2019-02-12 05:06:15'),
(385, 22, 'Mitseche', '2019-02-12 05:06:15', '2019-02-12 05:06:15'),
(386, 22, 'Thambani', '2019-02-12 05:06:15', '2019-02-12 05:06:15'),
(387, 22, 'Mpandadzi', '2019-02-12 05:06:15', '2019-02-12 05:06:15'),
(388, 23, 'Lisungwi', '2019-02-12 05:06:15', '2019-02-12 05:06:15'),
(389, 23, 'Ligowe', '2019-02-12 05:06:15', '2019-02-12 05:06:15'),
(390, 23, 'Chilimbondo', '2019-02-12 05:06:15', '2019-02-12 05:06:15'),
(391, 23, 'Chikonde', '2019-02-12 05:06:15', '2019-02-12 05:06:15'),
(392, 24, 'Makungwa', '2019-02-12 05:06:15', '2019-02-12 05:06:15'),
(393, 24, 'Mikolongwe', '2019-02-12 05:06:15', '2019-02-12 05:06:15'),
(394, 24, 'Masenjere', '2019-02-12 05:06:15', '2019-02-12 05:06:15'),
(395, 24, 'Didi', '2019-02-12 05:06:15', '2019-02-12 05:06:15'),
(396, 24, 'Khonjeni', '2019-02-12 05:06:15', '2019-02-12 05:06:15'),
(397, 24, 'Nchima', '2019-02-12 05:06:15', '2019-02-12 05:06:15'),
(398, 24, 'Thekerani', '2019-02-12 05:06:15', '2019-02-12 05:06:15'),
(399, 24, 'Mapanga', '2019-02-12 05:06:15', '2019-02-12 05:06:15'),
(400, 24, 'Magunda', '2019-02-12 05:06:15', '2019-02-12 05:06:15'),
(401, 24, 'Muonekera', '2019-02-12 05:06:15', '2019-02-12 05:06:15'),
(402, 24, 'Namadzi', '2019-02-12 05:06:15', '2019-02-12 05:06:15'),
(403, 24, 'Namisonga', '2019-02-12 05:06:15', '2019-02-12 05:06:15'),
(404, 24, 'Sambagaru', '2019-02-12 05:06:15', '2019-02-12 05:06:15'),
(405, 24, 'Lolo', '2019-02-12 05:06:15', '2019-02-12 05:06:15'),
(406, 24, 'Mthundu', '2019-02-12 05:06:15', '2019-02-12 05:06:15'),
(407, 24, 'Luchenza', '2019-02-12 05:06:15', '2019-02-12 05:06:15'),
(408, 24, 'Mapanga', '2019-02-12 05:06:15', '2019-02-12 05:06:15'),
(409, 24, 'Kapiri', '2019-02-12 05:06:15', '2019-02-12 05:06:15'),
(410, 24, 'Masambanjati', '2019-02-12 05:06:15', '2019-02-12 05:06:15'),
(411, 24, 'Namagazi', '2019-02-12 05:06:15', '2019-02-12 05:06:15'),
(412, 24, 'Thava', '2019-02-12 05:06:15', '2019-02-12 05:06:15'),
(413, 24, 'Dzimbiri', '2019-02-12 05:06:15', '2019-02-12 05:06:15'),
(414, 27, 'Mpasa', '2019-02-12 05:06:15', '2019-02-12 05:06:15'),
(415, 27, 'Likulezi', '2019-02-12 05:06:15', '2019-02-12 05:06:15'),
(416, 27, 'Machemba', '2019-02-12 05:06:15', '2019-02-12 05:06:15'),
(417, 27, 'Migowi', '2019-02-12 05:06:15', '2019-02-12 05:06:15'),
(418, 27, 'Khongoloni', '2019-02-12 05:06:15', '2019-02-12 05:06:15'),
(419, 27, 'Thundu', '2019-02-12 05:06:15', '2019-02-12 05:06:15'),
(420, 27, 'Chiringa', '2019-02-12 05:06:15', '2019-02-12 05:06:15'),
(421, 27, 'Sukasanje', '2019-02-12 05:06:15', '2019-02-12 05:06:15'),
(422, 27, 'Mauzi', '2019-02-12 05:06:15', '2019-02-12 05:06:15'),
(423, 27, 'Swang\'oma', '2019-02-12 05:06:15', '2019-02-12 05:06:15'),
(424, 26, 'Mimosa', '2019-02-12 05:06:15', '2019-02-12 05:06:15'),
(425, 26, 'Milonde', '2019-02-12 05:06:15', '2019-02-12 05:06:15'),
(426, 26, 'Chitakale', '2019-02-12 05:06:15', '2019-02-12 05:06:15'),
(427, 26, 'Likhubula', '2019-02-12 05:06:15', '2019-02-12 05:06:15'),
(428, 26, 'Chisitu', '2019-02-12 05:06:15', '2019-02-12 05:06:15'),
(429, 26, 'Ntenjera', '2019-02-12 05:06:15', '2019-02-12 05:06:15'),
(430, 26, 'Muloza', '2019-02-12 05:06:15', '2019-02-12 05:06:15'),
(431, 26, 'Limbuli', '2019-02-12 05:06:15', '2019-02-12 05:06:15'),
(432, 26, 'Msikawanjala', '2019-02-12 05:06:15', '2019-02-12 05:06:15'),
(433, 26, 'Mkumbiza', '2019-02-12 05:06:15', '2019-02-12 05:06:15'),
(434, 26, 'Mulemba', '2019-02-12 05:06:15', '2019-02-12 05:06:15'),
(435, 26, 'Chikuli', '2019-02-12 05:06:15', '2019-02-12 05:06:15'),
(436, 26, 'Chole', '2019-02-12 05:06:15', '2019-02-12 05:06:15'),
(437, 26, 'Chambe', '2019-02-12 05:06:15', '2019-02-12 05:06:15'),
(438, 26, 'Nambilanje', '2019-02-12 05:06:15', '2019-02-12 05:06:15'),
(439, 26, 'Namboya', '2019-02-12 05:06:15', '2019-02-12 05:06:15'),
(440, 26, 'Mulomba', '2019-02-12 05:06:15', '2019-02-12 05:06:15'),
(441, 26, 'Mombezi', '2019-02-12 05:06:15', '2019-02-12 05:06:15'),
(442, 27, 'Kawanda', '2019-02-12 05:06:15', '2019-02-12 05:06:15'),
(443, 27, 'Nyakamba', '2019-02-12 05:06:15', '2019-02-12 05:06:15'),
(444, 27, 'Mikalango', '2019-02-12 05:06:15', '2019-02-12 05:06:15'),
(445, 27, 'Alumenda', '2019-02-12 05:06:15', '2019-02-12 05:06:15'),
(446, 27, 'Lengwe', '2019-02-12 05:06:15', '2019-02-12 05:06:15'),
(447, 27, 'Bwabwali', '2019-02-12 05:06:15', '2019-02-12 05:06:15'),
(448, 27, 'Mwamphanzi', '2019-02-12 05:06:15', '2019-02-12 05:06:15'),
(449, 27, 'Ndalanda', '2019-02-12 05:06:15', '2019-02-12 05:06:15'),
(450, 27, 'Makhwira North', '2019-02-12 05:06:15', '2019-02-12 05:06:15'),
(451, 27, 'Makhwira South', '2019-02-12 05:06:15', '2019-02-12 05:06:15'),
(452, 27, 'Chibisa', '2019-02-12 05:06:15', '2019-02-12 05:06:15'),
(453, 27, 'Chimwanjale', '2019-02-12 05:06:15', '2019-02-12 05:06:15'),
(454, 28, 'Nyachilenda', '2019-02-12 05:06:15', '2019-02-12 05:06:15'),
(455, 28, 'Matundu', '2019-02-12 05:06:15', '2019-02-12 05:06:15'),
(456, 28, 'Dinde', '2019-02-12 05:06:15', '2019-02-12 05:06:15'),
(457, 28, 'Chekelere', '2019-02-12 05:06:15', '2019-02-12 05:06:15'),
(458, 28, 'Chigumukire', '2019-02-12 05:06:15', '2019-02-12 05:06:15'),
(459, 28, 'Misamvu', '2019-02-12 05:06:15', '2019-02-12 05:06:15'),
(460, 28, 'Lalanje', '2019-02-12 05:06:15', '2019-02-12 05:06:15'),
(461, 28, 'Mlonda', '2019-02-12 05:06:15', '2019-02-12 05:06:15'),
(462, 28, 'Kalulu', '2019-02-12 05:06:15', '2019-02-12 05:06:15'),
(463, 28, 'Ruo', '2019-02-12 05:06:15', '2019-02-12 05:06:15'),
(470, 13, 'Area 23', '2019-04-17 14:07:27', '2019-04-17 14:07:27'),
(471, 13, 'Area 25', '2019-04-17 14:08:09', '2019-04-17 14:08:09'),
(472, 13, 'Area 36', '2019-04-18 11:02:56', '2019-04-18 11:02:56'),
(473, 13, 'Nkula Falls', '2019-04-18 11:12:46', '2019-04-18 11:12:46'),
(474, 13, 'Chitipa Boma', '2019-04-18 11:12:58', '2019-04-18 11:12:58'),
(475, 13, 'Mpemba', '2019-04-18 11:13:19', '2019-04-18 11:13:19'),
(476, 21, 'Michiru', '2019-04-18 11:14:06', '2019-04-18 11:14:06'),
(477, 27, 'Ngabu', '2019-04-19 09:27:19', '2019-04-19 09:27:19'),
(478, 28, 'Ngabu', '2019-04-19 09:28:16', '2019-04-19 09:28:16'),
(479, 25, 'TA Mkhumba', '2019-04-23 09:08:08', '2019-04-23 09:08:08'),
(480, 25, 'TA Nazombe', '2019-04-23 09:08:19', '2019-04-23 09:08:19'),
(481, 25, 'TA Chiwalo', '2019-04-23 09:08:28', '2019-04-23 09:08:28'),
(482, 25, 'TA Nkhulambe', '2019-04-23 09:08:36', '2019-04-23 09:08:36'),
(483, 25, 'TA Jenala', '2019-04-23 09:08:45', '2019-04-23 09:08:45'),
(484, 25, 'TA Kaduya', '2019-04-23 09:08:54', '2019-04-23 09:08:54'),
(485, 25, 'Phalombe Boma', '2019-04-23 09:09:04', '2019-04-23 09:09:04'),
(486, 13, 'Likuni', '2019-04-25 08:30:49', '2019-04-25 08:30:49'),
(487, 14, 'Dedza Airfield', '2019-04-30 13:08:29', '2019-04-30 13:08:29'),
(488, 4, 'LIUZI', '2019-06-25 08:32:47', '2019-06-25 08:32:47'),
(489, 6, 'MOVETE', '2019-06-25 09:21:21', '2019-06-25 09:21:21'),
(490, 6, 'Kapopo', '2019-06-25 12:20:39', '2019-06-25 12:20:39');

-- --------------------------------------------------------

--
-- Table structure for table `traditional_authorities`
--

CREATE TABLE `traditional_authorities` (
  `id` int UNSIGNED NOT NULL,
  `name` varchar(45) CHARACTER SET utf8mb4 COLLATE utf8mb4_unicode_ci NOT NULL,
  `district_id` int UNSIGNED NOT NULL,
  `created_at` timestamp NULL DEFAULT NULL,
  `updated_at` timestamp NULL DEFAULT NULL
) ENGINE=InnoDB DEFAULT CHARSET=utf8mb4 COLLATE=utf8mb4_unicode_ci;

--
-- Dumping data for table `traditional_authorities`
--

INSERT INTO `traditional_authorities` (`id`, `name`, `district_id`, `created_at`, `updated_at`) VALUES
(1, 'Mwabulambya', 1, '2019-02-12 05:06:15', '2019-02-12 05:06:15'),
(2, 'Mwenemisuku', 1, '2019-02-12 05:06:15', '2019-02-12 05:06:15'),
(3, 'Mwenewenya', 1, '2019-02-12 05:06:15', '2019-02-12 05:06:15'),
(4, 'Nthalire', 1, '2019-02-12 05:06:15', '2019-02-12 05:06:15'),
(5, 'Kilipula', 2, '2019-02-12 05:06:15', '2019-02-12 05:06:15'),
(6, 'Kyungu', 2, '2019-02-12 05:06:15', '2019-02-12 05:06:15'),
(7, 'Mwakaboko', 2, '2019-02-12 05:06:15', '2019-02-12 05:06:15'),
(8, 'Mwirang\'ombe', 2, '2019-02-12 05:06:15', '2019-02-12 05:06:15'),
(9, 'Wasambo', 2, '2019-02-12 05:06:15', '2019-02-12 05:06:15'),
(10, 'Chapinduka', 3, '2019-02-12 05:06:15', '2019-02-12 05:06:15'),
(11, 'Chasovya', 3, '2019-02-12 05:06:15', '2019-02-12 05:06:15'),
(12, 'Chikulamayembe', 3, '2019-02-12 05:06:15', '2019-02-12 05:06:15'),
(13, 'Kachulu', 3, '2019-02-12 05:06:15', '2019-02-12 05:06:15'),
(14, 'Katumbi', 3, '2019-02-12 05:06:15', '2019-02-12 05:06:15'),
(15, 'Mwahenga', 3, '2019-02-12 05:06:15', '2019-02-12 05:06:15'),
(16, 'Mwalweni', 3, '2019-02-12 05:06:15', '2019-02-12 05:06:15'),
(17, 'Mwamlowe', 3, '2019-02-12 05:06:15', '2019-02-12 05:06:15'),
(18, 'Mwankhunikila', 3, '2019-02-12 05:06:15', '2019-02-12 05:06:15'),
(19, 'Njikula', 3, '2019-02-12 05:06:15', '2019-02-12 05:06:15'),
(20, 'Zolokele', 3, '2019-02-12 05:06:15', '2019-02-12 05:06:15'),
(21, 'Boghoyo', 4, '2019-02-12 05:06:15', '2019-02-12 05:06:15'),
(22, 'Fukamalaza', 4, '2019-02-12 05:06:15', '2019-02-12 05:06:15'),
(23, 'Fukamapiri', 4, '2019-02-12 05:06:15', '2019-02-12 05:06:15'),
(24, 'Kabunduli', 4, '2019-02-12 05:06:15', '2019-02-12 05:06:15'),
(25, 'Kondowe', 4, '2019-02-12 05:06:15', '2019-02-12 05:06:15'),
(26, 'Malanda', 4, '2019-02-12 05:06:15', '2019-02-12 05:06:15'),
(27, 'Malengamzoma', 4, '2019-02-12 05:06:15', '2019-02-12 05:06:15'),
(28, 'Mankhambira', 4, '2019-02-12 05:06:15', '2019-02-12 05:06:15'),
(29, 'M\'bwana', 4, '2019-02-12 05:06:15', '2019-02-12 05:06:15'),
(30, 'Mkondowe', 4, '2019-02-12 05:06:15', '2019-02-12 05:06:15'),
(31, 'Mkumbira', 4, '2019-02-12 05:06:15', '2019-02-12 05:06:15'),
(32, 'Mnyaluwanga', 4, '2019-02-12 05:06:15', '2019-02-12 05:06:15'),
(33, 'Musisya', 4, '2019-02-12 05:06:15', '2019-02-12 05:06:15'),
(34, 'Nyaluwanga', 4, '2019-02-12 05:06:15', '2019-02-12 05:06:15'),
(35, 'Timbiri', 4, '2019-02-12 05:06:15', '2019-02-12 05:06:15'),
(36, 'Zilakoma', 4, '2019-02-12 05:06:15', '2019-02-12 05:06:15'),
(37, 'Mkumpha', 5, '2019-02-12 05:06:15', '2019-02-12 05:06:15'),
(38, 'Chikoma Mkandawire', 6, '2019-02-12 05:06:15', '2019-02-12 05:06:15'),
(39, 'Chindi', 6, '2019-02-12 05:06:15', '2019-02-12 05:06:15'),
(40, 'Chiputula Nhlane', 6, '2019-02-12 05:06:15', '2019-02-12 05:06:15'),
(41, 'Jaravikuba Munthali', 6, '2019-02-12 05:06:15', '2019-02-12 05:06:15'),
(42, 'Kampingo Sibande', 6, '2019-02-12 05:06:15', '2019-02-12 05:06:15'),
(43, 'Khonsolo Jere', 6, '2019-02-12 05:06:15', '2019-02-12 05:06:15'),
(44, 'Levi Jere', 6, '2019-02-12 05:06:15', '2019-02-12 05:06:15'),
(45, 'M\'belwa', 6, '2019-02-12 05:06:15', '2019-02-12 05:06:15'),
(46, 'Mabulabo', 6, '2019-02-12 05:06:15', '2019-02-12 05:06:15'),
(47, 'Mpherembe', 6, '2019-02-12 05:06:15', '2019-02-12 05:06:15'),
(48, 'Mthwalo', 6, '2019-02-12 05:06:15', '2019-02-12 05:06:15'),
(49, 'Mzikubola', 6, '2019-02-12 05:06:15', '2019-02-12 05:06:15'),
(50, 'Mzukuzuku', 6, '2019-02-12 05:06:15', '2019-02-12 05:06:15'),
(51, 'Yohane Jere', 6, '2019-02-12 05:06:15', '2019-02-12 05:06:15'),
(52, 'Chaima', 7, '2019-02-12 05:06:15', '2019-02-12 05:06:15'),
(53, 'Chambwe', 7, '2019-02-12 05:06:15', '2019-02-12 05:06:15'),
(54, 'Chidzuma', 7, '2019-02-12 05:06:15', '2019-02-12 05:06:15'),
(55, 'Chilowamatambe', 7, '2019-02-12 05:06:15', '2019-02-12 05:06:15'),
(56, 'Chinyama', 7, '2019-02-12 05:06:15', '2019-02-12 05:06:15'),
(57, 'Chisemphere', 7, '2019-02-12 05:06:15', '2019-02-12 05:06:15'),
(58, 'Chiskwa', 7, '2019-02-12 05:06:15', '2019-02-12 05:06:15'),
(59, 'Chisinga', 7, '2019-02-12 05:06:15', '2019-02-12 05:06:15'),
(60, 'Chitanthamapiri', 7, '2019-02-12 05:06:15', '2019-02-12 05:06:15'),
(61, 'Chulu', 7, '2019-02-12 05:06:15', '2019-02-12 05:06:15'),
(62, 'Kaluluma', 7, '2019-02-12 05:06:15', '2019-02-12 05:06:15'),
(63, 'Kaomba', 7, '2019-02-12 05:06:15', '2019-02-12 05:06:15'),
(64, 'Kapelula', 7, '2019-02-12 05:06:15', '2019-02-12 05:06:15'),
(65, 'Kaphaizi', 7, '2019-02-12 05:06:15', '2019-02-12 05:06:15'),
(66, 'Kapichira', 7, '2019-02-12 05:06:15', '2019-02-12 05:06:15'),
(67, 'Kawamba', 7, '2019-02-12 05:06:15', '2019-02-12 05:06:15'),
(68, 'Lukwa', 7, '2019-02-12 05:06:15', '2019-02-12 05:06:15'),
(69, 'Mangwazu', 7, '2019-02-12 05:06:15', '2019-02-12 05:06:15'),
(70, 'Mawawa', 7, '2019-02-12 05:06:15', '2019-02-12 05:06:15'),
(71, 'Mdunga', 7, '2019-02-12 05:06:15', '2019-02-12 05:06:15'),
(72, 'Mnyanja', 7, '2019-02-12 05:06:15', '2019-02-12 05:06:15'),
(73, 'Mphomwa', 7, '2019-02-12 05:06:15', '2019-02-12 05:06:15'),
(74, 'Mwase', 7, '2019-02-12 05:06:15', '2019-02-12 05:06:15'),
(75, 'Njombwa', 7, '2019-02-12 05:06:15', '2019-02-12 05:06:15'),
(76, 'Nthunduwala', 7, '2019-02-12 05:06:15', '2019-02-12 05:06:15'),
(77, 'Nyaza', 7, '2019-02-12 05:06:15', '2019-02-12 05:06:15'),
(78, 'Santhe', 7, '2019-02-12 05:06:15', '2019-02-12 05:06:15'),
(79, 'Simlemba', 7, '2019-02-12 05:06:15', '2019-02-12 05:06:15'),
(80, 'Sindemba', 7, '2019-02-12 05:06:15', '2019-02-12 05:06:15'),
(81, 'Wimbe', 7, '2019-02-12 05:06:15', '2019-02-12 05:06:15'),
(82, 'Kafuzira', 8, '2019-02-12 05:06:15', '2019-02-12 05:06:15'),
(83, 'Kanyenda', 8, '2019-02-12 05:06:15', '2019-02-12 05:06:15'),
(84, 'Malengachanzi', 8, '2019-02-12 05:06:15', '2019-02-12 05:06:15'),
(85, 'Mphonde', 8, '2019-02-12 05:06:15', '2019-02-12 05:06:15'),
(86, 'Mwadzama', 8, '2019-02-12 05:06:15', '2019-02-12 05:06:15'),
(87, 'Mwansambo', 8, '2019-02-12 05:06:15', '2019-02-12 05:06:15'),
(88, 'Sta Mphonde', 8, '2019-02-12 05:06:15', '2019-02-12 05:06:15'),
(89, 'Chikho', 9, '2019-02-12 05:06:15', '2019-02-12 05:06:15'),
(90, 'Chilooko', 9, '2019-02-12 05:06:15', '2019-02-12 05:06:15'),
(91, 'Kalumo', 9, '2019-02-12 05:06:15', '2019-02-12 05:06:15'),
(92, 'Kasakula', 9, '2019-02-12 05:06:15', '2019-02-12 05:06:15'),
(93, 'Malenga', 9, '2019-02-12 05:06:15', '2019-02-12 05:06:15'),
(94, 'Nthondo', 9, '2019-02-12 05:06:15', '2019-02-12 05:06:15'),
(95, 'Vuso Jere', 9, '2019-02-12 05:06:15', '2019-02-12 05:06:15'),
(96, 'Chakhaza', 10, '2019-02-12 05:06:15', '2019-02-12 05:06:15'),
(97, 'Chiwere', 10, '2019-02-12 05:06:15', '2019-02-12 05:06:15'),
(98, 'Dzoole', 10, '2019-02-12 05:06:15', '2019-02-12 05:06:15'),
(99, 'Kayembe', 10, '2019-02-12 05:06:15', '2019-02-12 05:06:15'),
(100, 'Mkukula', 10, '2019-02-12 05:06:15', '2019-02-12 05:06:15'),
(101, 'Mponela', 10, '2019-02-12 05:06:15', '2019-02-12 05:06:15'),
(102, 'Msakambewa', 10, '2019-02-12 05:06:15', '2019-02-12 05:06:15'),
(103, 'Bibi Kuluunda', 11, '2019-02-12 05:06:15', '2019-02-12 05:06:15'),
(104, 'Bibi Salima', 11, '2019-02-12 05:06:15', '2019-02-12 05:06:15'),
(105, 'Kalonga', 11, '2019-02-12 05:06:15', '2019-02-12 05:06:15'),
(106, 'Kambalame', 11, '2019-02-12 05:06:15', '2019-02-12 05:06:15'),
(107, 'Kambwiri', 11, '2019-02-12 05:06:15', '2019-02-12 05:06:15'),
(108, 'Khombeza', 11, '2019-02-12 05:06:15', '2019-02-12 05:06:15'),
(109, 'Kuluunda', 11, '2019-02-12 05:06:15', '2019-02-12 05:06:15'),
(110, 'Maganga', 11, '2019-02-12 05:06:15', '2019-02-12 05:06:15'),
(111, 'Makanjira', 11, '2019-02-12 05:06:15', '2019-02-12 05:06:15'),
(112, 'Msosa', 11, '2019-02-12 05:06:15', '2019-02-12 05:06:15'),
(113, 'Mwanza', 11, '2019-02-12 05:06:15', '2019-02-12 05:06:15'),
(114, 'Ndindi', 11, '2019-02-12 05:06:15', '2019-02-12 05:06:15'),
(115, 'Pemba', 11, '2019-02-12 05:06:15', '2019-02-12 05:06:15'),
(116, 'Dambe', 12, '2019-02-12 05:06:15', '2019-02-12 05:06:15'),
(117, 'Gumba', 12, '2019-02-12 05:06:15', '2019-02-12 05:06:15'),
(118, 'Kapondo', 12, '2019-02-12 05:06:15', '2019-02-12 05:06:15'),
(119, 'Kapunula', 12, '2019-02-12 05:06:15', '2019-02-12 05:06:15'),
(120, 'Kazyozyo', 12, '2019-02-12 05:06:15', '2019-02-12 05:06:15'),
(121, 'Mavwere', 12, '2019-02-12 05:06:15', '2019-02-12 05:06:15'),
(122, 'Mduwa', 12, '2019-02-12 05:06:15', '2019-02-12 05:06:15'),
(123, 'Mkanda', 12, '2019-02-12 05:06:15', '2019-02-12 05:06:15'),
(124, 'Mlonyeni', 12, '2019-02-12 05:06:15', '2019-02-12 05:06:15'),
(125, 'Nyoka', 12, '2019-02-12 05:06:15', '2019-02-12 05:06:15'),
(126, 'Pitala', 12, '2019-02-12 05:06:15', '2019-02-12 05:06:15'),
(127, 'Simphasi', 12, '2019-02-12 05:06:15', '2019-02-12 05:06:15'),
(128, 'Zulu', 12, '2019-02-12 05:06:15', '2019-02-12 05:06:15'),
(129, 'Chadza', 13, '2019-02-12 05:06:15', '2019-02-12 05:06:15'),
(130, 'Chimutu', 13, '2019-02-12 05:06:15', '2019-02-12 05:06:15'),
(131, 'Chiseka', 13, '2019-02-12 05:06:15', '2019-02-12 05:06:15'),
(132, 'Chitekwere', 13, '2019-02-12 05:06:15', '2019-02-12 05:06:15'),
(133, 'Chitukula', 13, '2019-02-12 05:06:15', '2019-02-12 05:06:15'),
(134, 'Kabudula', 13, '2019-02-12 05:06:15', '2019-02-12 05:06:15'),
(135, 'Kalolo', 13, '2019-02-12 05:06:15', '2019-02-12 05:06:15'),
(136, 'Kalumbu', 13, '2019-02-12 05:06:15', '2019-02-12 05:06:15'),
(137, 'Khongoni', 13, '2019-02-12 05:06:15', '2019-02-12 05:06:15'),
(138, 'Malili', 13, '2019-02-12 05:06:15', '2019-02-12 05:06:15'),
(139, 'Masula', 13, '2019-02-12 05:06:15', '2019-02-12 05:06:15'),
(140, 'Masumbankhunda', 13, '2019-02-12 05:06:15', '2019-02-12 05:06:15'),
(141, 'Mazengera', 13, '2019-02-12 05:06:15', '2019-02-12 05:06:15'),
(142, 'M\'bang\'mbe', 13, '2019-02-12 05:06:15', '2019-02-12 05:06:15'),
(143, 'Mtemba', 13, '2019-02-12 05:06:15', '2019-02-12 05:06:15'),
(144, 'Njewa', 13, '2019-02-12 05:06:15', '2019-02-12 05:06:15'),
(145, 'Tsabango', 13, '2019-02-12 05:06:15', '2019-02-12 05:06:15'),
(146, 'Chauma', 14, '2019-02-12 05:06:15', '2019-02-12 05:06:15'),
(147, 'Chilikumwendo', 14, '2019-02-12 05:06:15', '2019-02-12 05:06:15'),
(148, 'Kachere', 14, '2019-02-12 05:06:15', '2019-02-12 05:06:15'),
(149, 'Kachindamoto', 14, '2019-02-12 05:06:15', '2019-02-12 05:06:15'),
(150, 'Kamenya Gwaza', 14, '2019-02-12 05:06:15', '2019-02-12 05:06:15'),
(151, 'Kaphuka', 14, '2019-02-12 05:06:15', '2019-02-12 05:06:15'),
(152, 'Kasumbu', 14, '2019-02-12 05:06:15', '2019-02-12 05:06:15'),
(153, 'Pemba', 14, '2019-02-12 05:06:15', '2019-02-12 05:06:15'),
(154, 'Tambala', 14, '2019-02-12 05:06:15', '2019-02-12 05:06:15'),
(155, 'Chakhumbira', 15, '2019-02-12 05:06:15', '2019-02-12 05:06:15'),
(156, 'Champiti', 15, '2019-02-12 05:06:15', '2019-02-12 05:06:15'),
(157, 'Goodson Ganya', 15, '2019-02-12 05:06:15', '2019-02-12 05:06:15'),
(158, 'Kwataine', 15, '2019-02-12 05:06:15', '2019-02-12 05:06:15'),
(159, 'Makwangwala', 15, '2019-02-12 05:06:16', '2019-02-12 05:06:16'),
(160, 'Masasa', 15, '2019-02-12 05:06:16', '2019-02-12 05:06:16'),
(161, 'Mpando', 15, '2019-02-12 05:06:16', '2019-02-12 05:06:16'),
(162, 'Njolomole', 15, '2019-02-12 05:06:16', '2019-02-12 05:06:16'),
(163, 'Phambala', 15, '2019-02-12 05:06:16', '2019-02-12 05:06:16'),
(164, 'Tsikulamowa', 15, '2019-02-12 05:06:16', '2019-02-12 05:06:16'),
(165, 'Bwananyambi', 16, '2019-02-12 05:06:16', '2019-02-12 05:06:16'),
(166, 'Chilipa', 16, '2019-02-12 05:06:16', '2019-02-12 05:06:16'),
(167, 'Chimwala', 16, '2019-02-12 05:06:16', '2019-02-12 05:06:16'),
(168, 'Chowe', 16, '2019-02-12 05:06:16', '2019-02-12 05:06:16'),
(169, 'Jalasi', 16, '2019-02-12 05:06:16', '2019-02-12 05:06:16'),
(170, 'Katuli', 16, '2019-02-12 05:06:16', '2019-02-12 05:06:16'),
(171, 'Lulanga', 16, '2019-02-12 05:06:16', '2019-02-12 05:06:16'),
(172, 'Makanjira', 16, '2019-02-12 05:06:16', '2019-02-12 05:06:16'),
(173, 'Bwananyambi', 16, '2019-02-12 05:06:16', '2019-02-12 05:06:16'),
(174, 'Mponda', 16, '2019-02-12 05:06:16', '2019-02-12 05:06:16'),
(175, 'Namabvi', 16, '2019-02-12 05:06:16', '2019-02-12 05:06:16'),
(176, 'Nankumba', 16, '2019-02-12 05:06:16', '2019-02-12 05:06:16'),
(177, 'Ntonda', 16, '2019-02-12 05:06:16', '2019-02-12 05:06:16'),
(178, 'Amidu', 17, '2019-02-12 05:06:16', '2019-02-12 05:06:16'),
(179, 'Chanthunya', 17, '2019-02-12 05:06:16', '2019-02-12 05:06:16'),
(180, 'Kachenga', 17, '2019-02-12 05:06:16', '2019-02-12 05:06:16'),
(181, 'Kalembo', 17, '2019-02-12 05:06:16', '2019-02-12 05:06:16'),
(182, 'Matola', 17, '2019-02-12 05:06:16', '2019-02-12 05:06:16'),
(183, 'Nkaya', 17, '2019-02-12 05:06:16', '2019-02-12 05:06:16'),
(184, 'Nsamala', 17, '2019-02-12 05:06:16', '2019-02-12 05:06:16'),
(185, 'Phalula', 17, '2019-02-12 05:06:16', '2019-02-12 05:06:16'),
(186, 'Sawali', 17, '2019-02-12 05:06:16', '2019-02-12 05:06:16'),
(187, 'Toleza', 17, '2019-02-12 05:06:16', '2019-02-12 05:06:16'),
(188, 'Chamba', 18, '2019-02-12 05:06:16', '2019-02-12 05:06:16'),
(189, 'Chikweo', 18, '2019-02-12 05:06:16', '2019-02-12 05:06:16'),
(190, 'Chiwalo', 18, '2019-02-12 05:06:16', '2019-02-12 05:06:16'),
(191, 'Kapoloma', 18, '2019-02-12 05:06:16', '2019-02-12 05:06:16'),
(192, 'Kawingas', 18, '2019-02-12 05:06:16', '2019-02-12 05:06:16'),
(193, 'Mchinguza', 18, '2019-02-12 05:06:16', '2019-02-12 05:06:16'),
(194, 'Mlomba', 18, '2019-02-12 05:06:16', '2019-02-12 05:06:16'),
(195, 'Mposa', 18, '2019-02-12 05:06:16', '2019-02-12 05:06:16'),
(196, 'Ngokwe', 18, '2019-02-12 05:06:16', '2019-02-12 05:06:16'),
(197, 'Nkoola', 18, '2019-02-12 05:06:16', '2019-02-12 05:06:16'),
(198, 'Nkula', 18, '2019-02-12 05:06:16', '2019-02-12 05:06:16'),
(199, 'Nsanama', 18, '2019-02-12 05:06:16', '2019-02-12 05:06:16'),
(200, 'Nyambi', 18, '2019-02-12 05:06:16', '2019-02-12 05:06:16'),
(201, 'Sale', 18, '2019-02-12 05:06:16', '2019-02-12 05:06:16'),
(202, 'Sitola', 18, '2019-02-12 05:06:16', '2019-02-12 05:06:16'),
(203, 'Chikowi', 19, '2019-02-12 05:06:16', '2019-02-12 05:06:16'),
(204, 'Kuntumanje', 19, '2019-02-12 05:06:16', '2019-02-12 05:06:16'),
(205, 'Malemia', 19, '2019-02-12 05:06:16', '2019-02-12 05:06:16'),
(206, 'Mbiza', 19, '2019-02-12 05:06:16', '2019-02-12 05:06:16'),
(207, 'Mkumbira', 19, '2019-02-12 05:06:16', '2019-02-12 05:06:16'),
(208, 'Mlumbe', 19, '2019-02-12 05:06:16', '2019-02-12 05:06:16'),
(209, 'Mulumbe', 19, '2019-02-12 05:06:16', '2019-02-12 05:06:16'),
(210, 'Mwambo', 19, '2019-02-12 05:06:16', '2019-02-12 05:06:16'),
(211, 'Ngwelero', 19, '2019-02-12 05:06:16', '2019-02-12 05:06:16'),
(212, 'Nkangula', 19, '2019-02-12 05:06:16', '2019-02-12 05:06:16'),
(213, 'Ntholowa', 19, '2019-02-12 05:06:16', '2019-02-12 05:06:16'),
(214, 'Chitera', 20, '2019-02-12 05:06:16', '2019-02-12 05:06:16'),
(215, 'Kadewere', 20, '2019-02-12 05:06:16', '2019-02-12 05:06:16'),
(216, 'Likoswe', 20, '2019-02-12 05:06:16', '2019-02-12 05:06:16'),
(217, 'Maoni', 20, '2019-02-12 05:06:16', '2019-02-12 05:06:16'),
(218, 'Mchema', 20, '2019-02-12 05:06:16', '2019-02-12 05:06:16'),
(219, 'Mpama', 20, '2019-02-12 05:06:16', '2019-02-12 05:06:16'),
(220, 'Mpunga', 20, '2019-02-12 05:06:16', '2019-02-12 05:06:16'),
(221, 'Nkalo', 20, '2019-02-12 05:06:16', '2019-02-12 05:06:16'),
(222, 'Ntchema', 20, '2019-02-12 05:06:16', '2019-02-12 05:06:16'),
(223, 'Onga', 20, '2019-02-12 05:06:16', '2019-02-12 05:06:16'),
(224, 'Sadrack', 20, '2019-02-12 05:06:16', '2019-02-12 05:06:16'),
(225, 'Chigaru', 21, '2019-02-12 05:06:16', '2019-02-12 05:06:16'),
(226, 'Kapeni', 21, '2019-02-12 05:06:16', '2019-02-12 05:06:16'),
(227, 'Kuntaja', 21, '2019-02-12 05:06:16', '2019-02-12 05:06:16'),
(228, 'Kunthembwe', 21, '2019-02-12 05:06:16', '2019-02-12 05:06:16'),
(229, 'Lundu', 21, '2019-02-12 05:06:16', '2019-02-12 05:06:16'),
(230, 'Machinjiri', 21, '2019-02-12 05:06:16', '2019-02-12 05:06:16'),
(231, 'Makata', 21, '2019-02-12 05:06:16', '2019-02-12 05:06:16'),
(232, 'Somba', 21, '2019-02-12 05:06:16', '2019-02-12 05:06:16'),
(233, 'Govati', 22, '2019-02-12 05:06:16', '2019-02-12 05:06:16'),
(234, 'Kanduku', 22, '2019-02-12 05:06:16', '2019-02-12 05:06:16'),
(235, 'Nthache', 22, '2019-02-12 05:06:16', '2019-02-12 05:06:16'),
(236, 'Chekucheku', 23, '2019-02-12 05:06:16', '2019-02-12 05:06:16'),
(237, 'Dambe', 23, '2019-02-12 05:06:16', '2019-02-12 05:06:16'),
(238, 'Mlauli', 23, '2019-02-12 05:06:16', '2019-02-12 05:06:16'),
(239, 'Ngozi', 23, '2019-02-12 05:06:16', '2019-02-12 05:06:16'),
(240, 'Symon', 23, '2019-02-12 05:06:16', '2019-02-12 05:06:16'),
(241, 'Boyidi', 24, '2019-02-12 05:06:16', '2019-02-12 05:06:16'),
(242, 'Bvumbwe', 24, '2019-02-12 05:06:16', '2019-02-12 05:06:16'),
(243, 'Changata', 24, '2019-02-12 05:06:16', '2019-02-12 05:06:16'),
(244, 'Chimaliro', 24, '2019-02-12 05:06:16', '2019-02-12 05:06:16'),
(245, 'Kapichi', 24, '2019-02-12 05:06:16', '2019-02-12 05:06:16'),
(246, 'Khwethemule', 24, '2019-02-12 05:06:16', '2019-02-12 05:06:16'),
(247, 'Maggie', 24, '2019-02-12 05:06:16', '2019-02-12 05:06:16'),
(248, 'Mbawera', 24, '2019-02-12 05:06:16', '2019-02-12 05:06:16'),
(249, 'Mphuka', 24, '2019-02-12 05:06:16', '2019-02-12 05:06:16'),
(250, 'Nanseta', 24, '2019-02-12 05:06:16', '2019-02-12 05:06:16'),
(251, 'Nchilamwera', 24, '2019-02-12 05:06:16', '2019-02-12 05:06:16'),
(252, 'Nsabwe', 24, '2019-02-12 05:06:16', '2019-02-12 05:06:16'),
(253, 'Thomasi', 24, '2019-02-12 05:06:16', '2019-02-12 05:06:16'),
(254, 'Thukuta', 24, '2019-02-12 05:06:16', '2019-02-12 05:06:16'),
(255, 'Chiwalo', 25, '2019-02-12 05:06:16', '2019-02-12 05:06:16'),
(256, 'Jenala', 25, '2019-02-12 05:06:16', '2019-02-12 05:06:16'),
(257, 'Kaduya', 25, '2019-02-12 05:06:16', '2019-02-12 05:06:16'),
(258, 'Mkhulambe', 25, '2019-02-12 05:06:16', '2019-02-12 05:06:16'),
(259, 'Mkhumba', 25, '2019-02-12 05:06:16', '2019-02-12 05:06:16'),
(260, 'Nazombe', 25, '2019-02-12 05:06:16', '2019-02-12 05:06:16'),
(261, 'Chikumbu', 26, '2019-02-12 05:06:16', '2019-02-12 05:06:16'),
(262, 'Juma', 26, '2019-02-12 05:06:16', '2019-02-12 05:06:16'),
(263, 'Laston Njema', 26, '2019-02-12 05:06:16', '2019-02-12 05:06:16'),
(264, 'Mabuka', 26, '2019-02-12 05:06:16', '2019-02-12 05:06:16'),
(265, 'Mthiramanja', 26, '2019-02-12 05:06:16', '2019-02-12 05:06:16'),
(266, 'Njema', 26, '2019-02-12 05:06:16', '2019-02-12 05:06:16'),
(267, 'Nkanda', 26, '2019-02-12 05:06:16', '2019-02-12 05:06:16'),
(268, 'Chapananga', 27, '2019-02-12 05:06:16', '2019-02-12 05:06:16'),
(269, 'Kasisi', 27, '2019-02-12 05:06:16', '2019-02-12 05:06:16'),
(270, 'Katunga', 27, '2019-02-12 05:06:16', '2019-02-12 05:06:16'),
(271, 'Lundu', 27, '2019-02-12 05:06:16', '2019-02-12 05:06:16'),
(272, 'Makhuwira', 27, '2019-02-12 05:06:16', '2019-02-12 05:06:16'),
(273, 'Masache', 27, '2019-02-12 05:06:16', '2019-02-12 05:06:16'),
(274, 'Maseya', 27, '2019-02-12 05:06:16', '2019-02-12 05:06:16'),
(275, 'Mlilima', 27, '2019-02-12 05:06:16', '2019-02-12 05:06:16'),
(276, 'Ndakwera', 27, '2019-02-12 05:06:16', '2019-02-12 05:06:16'),
(277, 'Ngabu', 27, '2019-02-12 05:06:16', '2019-02-12 05:06:16'),
(278, 'Ngowe', 27, '2019-02-12 05:06:16', '2019-02-12 05:06:16'),
(279, 'Chimombo', 28, '2019-02-12 05:06:16', '2019-02-12 05:06:16'),
(280, 'Makoko', 28, '2019-02-12 05:06:16', '2019-02-12 05:06:16'),
(281, 'Malemia', 28, '2019-02-12 05:06:16', '2019-02-12 05:06:16'),
(282, 'Mbenje', 28, '2019-02-12 05:06:16', '2019-02-12 05:06:16'),
(283, 'Mlolo', 28, '2019-02-12 05:06:16', '2019-02-12 05:06:16'),
(284, 'Ndamera', 28, '2019-02-12 05:06:16', '2019-02-12 05:06:16'),
(285, 'Ngabu', 28, '2019-02-12 05:06:16', '2019-02-12 05:06:16'),
(286, 'Nyachikadza', 28, '2019-02-12 05:06:16', '2019-02-12 05:06:16'),
(287, 'Tengani', 28, '2019-02-12 05:06:16', '2019-02-12 05:06:16'),
(288, 'Ernemizere', 25, '2019-03-29 10:49:56', '2019-03-29 10:49:56'),
(289, 'Machemba', 25, '2019-03-29 10:51:04', '2019-03-29 10:51:04'),
(290, 'Mpasa', 25, '2019-03-29 10:53:53', '2019-03-29 10:53:53'),
(291, 'Machemba', 25, '2019-03-31 09:23:07', '2019-03-31 09:23:07'),
(292, 'Edingeni', 6, '2019-03-31 09:55:22', '2019-03-31 09:55:22'),
(293, 'Liwonde', 18, '2019-04-09 08:28:31', '2019-04-09 08:28:31'),
(294, 'Nkula', 21, '2019-04-09 08:56:09', '2019-04-09 08:56:09'),
(295, 'Nyungwe', 2, '2019-04-10 10:12:36', '2019-04-10 10:12:36'),
(296, 'Sukasanje', 25, '2019-04-10 12:22:45', '2019-04-10 12:22:45'),
(297, 'Nkula', 21, '2019-04-18 06:32:59', '2019-04-18 06:32:59'),
(298, 'Ngabu', 28, '2019-04-19 09:27:50', '2019-04-19 09:27:50'),
(299, 'Kalumba', 13, '2019-04-26 11:15:16', '2019-04-26 11:15:16'),
(300, 'Dzoole', 10, '2019-04-30 05:49:22', '2019-04-30 05:49:22'),
(301, 'Mganga', 4, '2019-06-25 08:32:34', '2019-06-25 08:32:34'),
(302, 'Movete', 6, '2019-06-25 09:21:11', '2019-06-25 09:21:11'),
(303, 'Kapile', 17, '2019-06-25 09:40:29', '2019-06-25 09:40:29'),
(304, 'Mwanjabala', 2, '2019-06-25 11:48:10', '2019-06-25 11:48:10'),
(305, 'Kapyokolo', 6, '2019-06-25 12:20:16', '2019-06-25 12:20:16'),
(306, 'Dambe', 22, '2020-06-01 14:08:36', '2020-06-01 14:08:36');

-- --------------------------------------------------------

--
-- Table structure for table `wards`
--

CREATE TABLE `wards` (
  `id` int UNSIGNED NOT NULL,
  `name` varchar(45) CHARACTER SET utf8mb4 COLLATE utf8mb4_unicode_ci NOT NULL,
  `constituency_id` int UNSIGNED NOT NULL,
  `created_at` timestamp NULL DEFAULT NULL,
  `updated_at` timestamp NULL DEFAULT NULL
) ENGINE=InnoDB DEFAULT CHARSET=utf8mb4 COLLATE=utf8mb4_unicode_ci;

--
-- Dumping data for table `wards`
--

INSERT INTO `wards` (`id`, `name`, `constituency_id`, `created_at`, `updated_at`) VALUES
(1, 'Iponjola', 1, '2019-02-12 05:06:16', '2019-02-12 05:06:16'),
(2, 'Kapoka', 1, '2019-02-12 05:06:16', '2019-02-12 05:06:16'),
(3, 'Mahowe', 2, '2019-02-12 05:06:16', '2019-02-12 05:06:16'),
(4, 'Nthalire', 2, '2019-02-12 05:06:16', '2019-02-12 05:06:16'),
(5, 'Zambwe', 3, '2019-02-12 05:06:16', '2019-02-12 05:06:16'),
(6, 'Yamba', 3, '2019-02-12 05:06:16', '2019-02-12 05:06:16'),
(7, 'Nkhangwa', 4, '2019-02-12 05:06:16', '2019-02-12 05:06:16'),
(8, 'Hanga', 4, '2019-02-12 05:06:16', '2019-02-12 05:06:16'),
(9, 'Chisenga', 5, '2019-02-12 05:06:16', '2019-02-12 05:06:16'),
(10, 'Wenya', 5, '2019-02-12 05:06:16', '2019-02-12 05:06:16'),
(11, 'Songwe', 6, '2019-02-12 05:06:16', '2019-02-12 05:06:16'),
(12, 'Kaporo', 6, '2019-02-12 05:06:16', '2019-02-12 05:06:16'),
(13, 'Chilanga', 7, '2019-02-12 05:06:16', '2019-02-12 05:06:16'),
(14, 'Rukuru', 7, '2019-02-12 05:06:16', '2019-02-12 05:06:16'),
(15, 'Lupembe', 8, '2019-02-12 05:06:16', '2019-02-12 05:06:16'),
(16, 'Mlale', 8, '2019-02-12 05:06:16', '2019-02-12 05:06:16'),
(17, 'Nyungwe', 9, '2019-02-12 05:06:16', '2019-02-12 05:06:16'),
(18, 'Zgeba', 9, '2019-02-12 05:06:16', '2019-02-12 05:06:16'),
(19, 'Khwawa', 10, '2019-02-12 05:06:16', '2019-02-12 05:06:16'),
(20, 'Uliwa', 10, '2019-02-12 05:06:16', '2019-02-12 05:06:16'),
(21, 'Tcharo', 11, '2019-02-12 05:06:16', '2019-02-12 05:06:16'),
(22, 'Mchenga', 11, '2019-02-12 05:06:16', '2019-02-12 05:06:16'),
(23, 'Chinyolo/Mphompha', 12, '2019-02-12 05:06:16', '2019-02-12 05:06:16'),
(24, 'Mayembe', 12, '2019-02-12 05:06:16', '2019-02-12 05:06:16'),
(25, 'Hewe - Mwazisi', 13, '2019-02-12 05:06:16', '2019-02-12 05:06:16'),
(26, 'Nkhamanga', 13, '2019-02-12 05:06:16', '2019-02-12 05:06:16'),
(27, 'Henga-Phoka', 14, '2019-02-12 05:06:16', '2019-02-12 05:06:16'),
(28, 'Phoka', 14, '2019-02-12 05:06:16', '2019-02-12 05:06:16'),
(29, 'Usisya', 15, '2019-02-12 05:06:16', '2019-02-12 05:06:16'),
(30, 'Chikwina', 15, '2019-02-12 05:06:16', '2019-02-12 05:06:16'),
(31, 'Boma', 16, '2019-02-12 05:06:16', '2019-02-12 05:06:16'),
(32, 'Kandoli', 16, '2019-02-12 05:06:16', '2019-02-12 05:06:16'),
(33, 'Chitheka', 17, '2019-02-12 05:06:16', '2019-02-12 05:06:16'),
(34, 'Tchesamu', 17, '2019-02-12 05:06:16', '2019-02-12 05:06:16'),
(35, 'Kavuzi', 18, '2019-02-12 05:06:16', '2019-02-12 05:06:16'),
(36, 'Mpamba', 18, '2019-02-12 05:06:16', '2019-02-12 05:06:16'),
(37, 'Sanga', 19, '2019-02-12 05:06:16', '2019-02-12 05:06:16'),
(38, 'Chintheche', 19, '2019-02-12 05:06:16', '2019-02-12 05:06:16'),
(39, 'Tukombo', 20, '2019-02-12 05:06:16', '2019-02-12 05:06:16'),
(40, 'Mbamba', 20, '2019-02-12 05:06:16', '2019-02-12 05:06:16'),
(41, 'Likoma', 21, '2019-02-12 05:06:16', '2019-02-12 05:06:16'),
(42, 'Chizumulu', 21, '2019-02-12 05:06:16', '2019-02-12 05:06:16'),
(43, 'Lupaso Nkholongo', 22, '2019-02-12 05:06:16', '2019-02-12 05:06:16'),
(44, 'Chibanja', 22, '2019-02-12 05:06:16', '2019-02-12 05:06:16'),
(45, 'Katawa', 22, '2019-02-12 05:06:16', '2019-02-12 05:06:16'),
(46, 'Mzilawaingwe', 22, '2019-02-12 05:06:16', '2019-02-12 05:06:16'),
(47, 'Mchengautuwa West', 22, '2019-02-12 05:06:16', '2019-02-12 05:06:16'),
(48, 'Chibavi East', 22, '2019-02-12 05:06:16', '2019-02-12 05:06:16'),
(49, 'Jombo/Kaning\'ina', 22, '2019-02-12 05:06:16', '2019-02-12 05:06:16'),
(50, 'Zolozolo East', 22, '2019-02-12 05:06:16', '2019-02-12 05:06:16'),
(51, 'Masasa', 22, '2019-02-12 05:06:16', '2019-02-12 05:06:16'),
(52, 'Msongwe', 22, '2019-02-12 05:06:16', '2019-02-12 05:06:16'),
(53, 'Luwinga', 22, '2019-02-12 05:06:16', '2019-02-12 05:06:16'),
(54, 'Chiputula', 22, '2019-02-12 05:06:16', '2019-02-12 05:06:16'),
(55, 'Mchengautuwa West', 22, '2019-02-12 05:06:16', '2019-02-12 05:06:16'),
(56, 'Chibavi West', 22, '2019-02-12 05:06:16', '2019-02-12 05:06:16'),
(57, 'Zolozolo West', 22, '2019-02-12 05:06:16', '2019-02-12 05:06:16'),
(58, 'Kasito East', 23, '2019-02-12 05:06:16', '2019-02-12 05:06:16'),
(59, 'Kasito West', 23, '2019-02-12 05:06:16', '2019-02-12 05:06:16'),
(60, 'Njuyu', 24, '2019-02-12 05:06:16', '2019-02-12 05:06:16'),
(61, 'Ekwendeni', 24, '2019-02-12 05:06:16', '2019-02-12 05:06:16'),
(62, 'Kafukule', 25, '2019-02-12 05:06:16', '2019-02-12 05:06:16'),
(63, 'Emcisweni', 25, '2019-02-12 05:06:16', '2019-02-12 05:06:16'),
(64, 'Luviri', 26, '2019-02-12 05:06:16', '2019-02-12 05:06:16'),
(65, 'Mabiri', 26, '2019-02-12 05:06:16', '2019-02-12 05:06:16'),
(66, 'Euthini', 27, '2019-02-12 05:06:16', '2019-02-12 05:06:16'),
(67, 'Mbalachanda', 27, '2019-02-12 05:06:16', '2019-02-12 05:06:16'),
(68, 'Bulala', 28, '2019-02-12 05:06:16', '2019-02-12 05:06:16'),
(69, 'Mzalangwe', 28, '2019-02-12 05:06:16', '2019-02-12 05:06:16'),
(70, 'Mabilabo North', 29, '2019-02-12 05:06:16', '2019-02-12 05:06:16'),
(71, 'Mabilabo South', 29, '2019-02-12 05:06:16', '2019-02-12 05:06:16'),
(72, 'Manyamula', 30, '2019-02-12 05:06:16', '2019-02-12 05:06:16'),
(73, 'Perekezi', 30, '2019-02-12 05:06:16', '2019-02-12 05:06:16'),
(74, 'Kampingo Central', 31, '2019-02-12 05:06:16', '2019-02-12 05:06:16'),
(75, 'Walula', 31, '2019-02-12 05:06:16', '2019-02-12 05:06:16'),
(76, 'Engalaweni', 32, '2019-02-12 05:06:16', '2019-02-12 05:06:16'),
(77, 'Kapopo', 32, '2019-02-12 05:06:16', '2019-02-12 05:06:16'),
(78, 'Khonsolo North', 33, '2019-02-12 05:06:16', '2019-02-12 05:06:16'),
(79, 'Khonsolo South', 33, '2019-02-12 05:06:16', '2019-02-12 05:06:16'),
(80, 'Nthembwe', 34, '2019-02-12 05:06:16', '2019-02-12 05:06:16'),
(81, 'Lodjwa', 34, '2019-02-12 05:06:16', '2019-02-12 05:06:16'),
(82, 'Mpeni', 35, '2019-02-12 05:06:16', '2019-02-12 05:06:16'),
(83, 'Mthabua', 35, '2019-02-12 05:06:16', '2019-02-12 05:06:16'),
(84, 'Lisasadzi', 36, '2019-02-12 05:06:16', '2019-02-12 05:06:16'),
(85, 'Lifupa', 36, '2019-02-12 05:06:16', '2019-02-12 05:06:16'),
(86, 'Mpasadzi', 37, '2019-02-12 05:06:16', '2019-02-12 05:06:16'),
(87, 'Matenje', 37, '2019-02-12 05:06:16', '2019-02-12 05:06:16'),
(88, 'Chigodi', 38, '2019-02-12 05:06:16', '2019-02-12 05:06:16'),
(89, 'Rusa', 38, '2019-02-12 05:06:16', '2019-02-12 05:06:16'),
(90, 'Mziza', 39, '2019-02-12 05:06:16', '2019-02-12 05:06:16'),
(91, 'Chibophi', 39, '2019-02-12 05:06:16', '2019-02-12 05:06:16'),
(92, 'Kachokolo', 40, '2019-02-12 05:06:16', '2019-02-12 05:06:16'),
(93, 'Kambira', 40, '2019-02-12 05:06:16', '2019-02-12 05:06:16'),
(94, 'Chipala', 41, '2019-02-12 05:06:16', '2019-02-12 05:06:16'),
(95, 'Mponda', 41, '2019-02-12 05:06:16', '2019-02-12 05:06:16'),
(96, 'Belere', 41, '2019-02-12 05:06:16', '2019-02-12 05:06:16'),
(97, 'Chankhanga', 41, '2019-02-12 05:06:16', '2019-02-12 05:06:16'),
(98, 'Chimbuna', 41, '2019-02-12 05:06:16', '2019-02-12 05:06:16'),
(99, 'Chitete', 41, '2019-02-12 05:06:16', '2019-02-12 05:06:16'),
(100, 'Chithiba', 41, '2019-02-12 05:06:16', '2019-02-12 05:06:16'),
(101, 'Chithiba', 41, '2019-02-12 05:06:16', '2019-02-12 05:06:16'),
(102, 'Bunda', 41, '2019-02-12 05:06:16', '2019-02-12 05:06:16'),
(103, 'Kapalankhwazi', 41, '2019-02-12 05:06:16', '2019-02-12 05:06:16'),
(104, 'Kasalika', 41, '2019-02-12 05:06:16', '2019-02-12 05:06:16'),
(105, 'Kabvunguti', 41, '2019-02-12 05:06:16', '2019-02-12 05:06:16'),
(106, 'Ndonda', 42, '2019-02-12 05:06:16', '2019-02-12 05:06:16'),
(107, 'Mbongozi', 42, '2019-02-12 05:06:16', '2019-02-12 05:06:16'),
(108, 'Kasitu', 43, '2019-02-12 05:06:16', '2019-02-12 05:06:16'),
(109, 'Nkhunga', 43, '2019-02-12 05:06:16', '2019-02-12 05:06:16'),
(110, 'Liwaladzi', 45, '2019-02-12 05:06:16', '2019-02-12 05:06:16'),
(111, 'Bua', 44, '2019-02-12 05:06:16', '2019-02-12 05:06:16'),
(112, 'Mpondagaga', 45, '2019-02-12 05:06:16', '2019-02-12 05:06:16'),
(113, 'Boma', 45, '2019-02-12 05:06:16', '2019-02-12 05:06:16'),
(114, 'Linga-Sani', 46, '2019-02-12 05:06:16', '2019-02-12 05:06:16'),
(115, 'Mpama', 46, '2019-02-12 05:06:16', '2019-02-12 05:06:16'),
(116, 'Mtosa', 47, '2019-02-12 05:06:16', '2019-02-12 05:06:16'),
(117, 'Kasangadzi', 47, '2019-02-12 05:06:16', '2019-02-12 05:06:16'),
(118, 'Katete-Thumba', 48, '2019-02-12 05:06:16', '2019-02-12 05:06:16'),
(119, 'Kalira-Masamba', 48, '2019-02-12 05:06:16', '2019-02-12 05:06:16'),
(120, 'Bawala', 49, '2019-02-12 05:06:16', '2019-02-12 05:06:16'),
(121, 'Masangano', 49, '2019-02-12 05:06:16', '2019-02-12 05:06:16'),
(122, 'Kamlenje', 50, '2019-02-12 05:06:16', '2019-02-12 05:06:16'),
(123, 'Chimbwadzi', 50, '2019-02-12 05:06:16', '2019-02-12 05:06:16'),
(124, 'Langa', 51, '2019-02-12 05:06:16', '2019-02-12 05:06:16'),
(125, 'Mtsiro', 51, '2019-02-12 05:06:16', '2019-02-12 05:06:16'),
(126, 'Chiwere North', 52, '2019-02-12 05:06:16', '2019-02-12 05:06:16'),
(127, 'Chiwere East', 52, '2019-02-12 05:06:16', '2019-02-12 05:06:16'),
(128, 'Mukula East', 53, '2019-02-12 05:06:16', '2019-02-12 05:06:16'),
(129, 'Mukula West', 53, '2019-02-12 05:06:16', '2019-02-12 05:06:16'),
(130, 'Msakambewa East', 54, '2019-02-12 05:06:16', '2019-02-12 05:06:16'),
(131, 'Msakambewa West', 54, '2019-02-12 05:06:16', '2019-02-12 05:06:16'),
(132, 'Chakhaza South-West', 55, '2019-02-12 05:06:16', '2019-02-12 05:06:16'),
(133, 'Chakhaza North-West', 55, '2019-02-12 05:06:16', '2019-02-12 05:06:16'),
(134, 'Mponela', 56, '2019-02-12 05:06:16', '2019-02-12 05:06:16'),
(135, 'Dzoole North', 56, '2019-02-12 05:06:16', '2019-02-12 05:06:16'),
(136, 'Dzoole South', 57, '2019-02-12 05:06:16', '2019-02-12 05:06:16'),
(137, 'Kayembe', 57, '2019-02-12 05:06:16', '2019-02-12 05:06:16'),
(138, 'Chakhaza North', 58, '2019-02-12 05:06:16', '2019-02-12 05:06:16'),
(139, 'Chakhaza South', 58, '2019-02-12 05:06:16', '2019-02-12 05:06:16'),
(140, 'Liwadzi', 59, '2019-02-12 05:06:16', '2019-02-12 05:06:16'),
(141, 'Lingadzi', 59, '2019-02-12 05:06:16', '2019-02-12 05:06:16'),
(142, 'Maganga-Kuluunda', 60, '2019-02-12 05:06:16', '2019-02-12 05:06:16'),
(143, 'Kalonga', 60, '2019-02-12 05:06:16', '2019-02-12 05:06:16'),
(144, 'Ndindi', 61, '2019-02-12 05:06:16', '2019-02-12 05:06:16'),
(145, 'Kambalame', 61, '2019-02-12 05:06:16', '2019-02-12 05:06:16'),
(146, 'Kambwiri', 62, '2019-02-12 05:06:16', '2019-02-12 05:06:16'),
(147, 'Pemba', 62, '2019-02-12 05:06:16', '2019-02-12 05:06:16'),
(148, 'Chitala', 63, '2019-02-12 05:06:16', '2019-02-12 05:06:16'),
(149, 'Lipimbi', 63, '2019-02-12 05:06:16', '2019-02-12 05:06:16'),
(150, 'Mchemani', 64, '2019-02-12 05:06:16', '2019-02-12 05:06:16'),
(151, 'Luweledzi', 64, '2019-02-12 05:06:16', '2019-02-12 05:06:16'),
(152, 'Mponda', 65, '2019-02-12 05:06:16', '2019-02-12 05:06:16'),
(153, 'Kapiri', 65, '2019-02-12 05:06:16', '2019-02-12 05:06:16'),
(154, 'Mikundi', 66, '2019-02-12 05:06:16', '2019-02-12 05:06:16'),
(155, 'Msachembe', 66, '2019-02-12 05:06:16', '2019-02-12 05:06:16'),
(156, 'Mkoma', 67, '2019-02-12 05:06:16', '2019-02-12 05:06:16'),
(157, 'Mtope', 67, '2019-02-12 05:06:16', '2019-02-12 05:06:16'),
(158, 'Msitu', 68, '2019-02-12 05:06:16', '2019-02-12 05:06:16'),
(159, 'Namnjiwa', 68, '2019-02-12 05:06:16', '2019-02-12 05:06:16'),
(160, 'Kalumbe', 69, '2019-02-12 05:06:16', '2019-02-12 05:06:16'),
(161, 'Chimimbe', 69, '2019-02-12 05:06:16', '2019-02-12 05:06:16'),
(162, 'Mapuyu', 70, '2019-02-12 05:06:16', '2019-02-12 05:06:16'),
(163, 'Nyanja', 70, '2019-02-12 05:06:16', '2019-02-12 05:06:16'),
(164, 'Kachawa', 71, '2019-02-12 05:06:16', '2019-02-12 05:06:16'),
(165, 'Kamanzi', 71, '2019-02-12 05:06:16', '2019-02-12 05:06:16'),
(166, 'Demera', 72, '2019-02-12 05:06:16', '2019-02-12 05:06:16'),
(167, 'Kalambe', 72, '2019-02-12 05:06:16', '2019-02-12 05:06:16'),
(168, 'Mlodzenzi', 73, '2019-02-12 05:06:16', '2019-02-12 05:06:16'),
(169, 'Dzanzi', 73, '2019-02-12 05:06:16', '2019-02-12 05:06:16'),
(170, 'Nsanjiko', 74, '2019-02-12 05:06:16', '2019-02-12 05:06:16'),
(171, 'Ngala', 74, '2019-02-12 05:06:16', '2019-02-12 05:06:16'),
(172, 'Njewa', 75, '2019-02-12 05:06:16', '2019-02-12 05:06:16'),
(173, 'Nalikule', 76, '2019-02-12 05:06:16', '2019-02-12 05:06:16'),
(174, 'Chiwamba', 76, '2019-02-12 05:06:16', '2019-02-12 05:06:16'),
(175, 'Nkhoma', 77, '2019-02-12 05:06:16', '2019-02-12 05:06:16'),
(176, 'Chilenje', 77, '2019-02-12 05:06:16', '2019-02-12 05:06:16'),
(177, 'Mkuza', 78, '2019-02-12 05:06:16', '2019-02-12 05:06:16'),
(178, 'Mazengera', 78, '2019-02-12 05:06:16', '2019-02-12 05:06:16'),
(179, 'Mtenthera', 79, '2019-02-12 05:06:16', '2019-02-12 05:06:16'),
(180, 'Nyanja', 79, '2019-02-12 05:06:16', '2019-02-12 05:06:16'),
(181, 'Chowo', 80, '2019-02-12 05:06:16', '2019-02-12 05:06:16'),
(182, 'Chitsime', 81, '2019-02-12 05:06:16', '2019-02-12 05:06:16'),
(183, 'Mlodza', 81, '2019-02-12 05:06:16', '2019-02-12 05:06:16'),
(184, 'Chilobwe', 82, '2019-02-12 05:06:16', '2019-02-12 05:06:16'),
(185, 'Nyang\'amire', 82, '2019-02-12 05:06:16', '2019-02-12 05:06:16'),
(186, 'Mteza', 83, '2019-02-12 05:06:16', '2019-02-12 05:06:16'),
(187, 'Milindi', 83, '2019-02-12 05:06:16', '2019-02-12 05:06:16'),
(188, 'Chiwenga', 84, '2019-02-12 05:06:16', '2019-02-12 05:06:16'),
(189, 'Mthunthumala', 84, '2019-02-12 05:06:16', '2019-02-12 05:06:16'),
(190, 'Bunda', 85, '2019-02-12 05:06:16', '2019-02-12 05:06:16'),
(191, 'Katope', 85, '2019-02-12 05:06:16', '2019-02-12 05:06:16'),
(192, 'Msinja', 86, '2019-02-12 05:06:16', '2019-02-12 05:06:16'),
(193, 'Nadzumi', 86, '2019-02-12 05:06:16', '2019-02-12 05:06:16'),
(194, 'Malingunde', 87, '2019-02-12 05:06:16', '2019-02-12 05:06:16'),
(195, 'Chiputu', 87, '2019-02-12 05:06:16', '2019-02-12 05:06:16'),
(196, 'Chisapo I', 88, '2019-02-12 05:06:16', '2019-02-12 05:06:16'),
(197, 'Chisapo II', 88, '2019-02-12 05:06:16', '2019-02-12 05:06:16'),
(198, 'Phwetekere', 88, '2019-02-12 05:06:16', '2019-02-12 05:06:16'),
(199, 'Mbidzi', 88, '2019-02-12 05:06:16', '2019-02-12 05:06:16'),
(200, 'Chigoneka', 88, '2019-02-12 05:06:16', '2019-02-12 05:06:16'),
(201, 'Mtsiliza', 88, '2019-02-12 05:06:16', '2019-02-12 05:06:16'),
(202, 'Mtandire', 88, '2019-02-12 05:06:16', '2019-02-12 05:06:16'),
(203, 'Mvunguti', 89, '2019-02-12 05:06:16', '2019-02-12 05:06:16'),
(204, 'M\'gona - Chitata', 89, '2019-02-12 05:06:16', '2019-02-12 05:06:16'),
(205, 'Kabwabwa', 89, '2019-02-12 05:06:16', '2019-02-12 05:06:16'),
(206, 'Chimutu', 89, '2019-02-12 05:06:16', '2019-02-12 05:06:16'),
(207, 'Nyama', 89, '2019-02-12 05:06:16', '2019-02-12 05:06:16'),
(208, 'Maria', 89, '2019-02-12 05:06:16', '2019-02-12 05:06:16'),
(209, 'Nankhaka', 90, '2019-02-12 05:06:16', '2019-02-12 05:06:16'),
(210, 'Lumbadzi', 90, '2019-02-12 05:06:16', '2019-02-12 05:06:16'),
(211, 'State House', 91, '2019-02-12 05:06:16', '2019-02-12 05:06:16'),
(212, 'Chilinde I', 91, '2019-02-12 05:06:16', '2019-02-12 05:06:16'),
(213, 'Chilinde II', 91, '2019-02-12 05:06:16', '2019-02-12 05:06:16'),
(214, 'Kaliyeka', 91, '2019-02-12 05:06:16', '2019-02-12 05:06:16'),
(215, 'Tsabango I', 91, '2019-02-12 05:06:16', '2019-02-12 05:06:16'),
(216, 'Tsabango II', 91, '2019-02-12 05:06:16', '2019-02-12 05:06:16'),
(217, 'Kawale I', 92, '2019-02-12 05:06:16', '2019-02-12 05:06:16'),
(218, 'Kawale II', 92, '2019-02-12 05:06:16', '2019-02-12 05:06:16'),
(219, 'Ngwenya', 92, '2019-02-12 05:06:16', '2019-02-12 05:06:16'),
(220, 'Biwi', 92, '2019-02-12 05:06:16', '2019-02-12 05:06:16'),
(221, 'Mchesi', 92, '2019-02-12 05:06:16', '2019-02-12 05:06:16'),
(222, 'Sese', 92, '2019-02-12 05:06:16', '2019-02-12 05:06:16'),
(223, 'Mayani North', 93, '2019-02-12 05:06:16', '2019-02-12 05:06:16'),
(224, 'Mayani South', 93, '2019-02-12 05:06:16', '2019-02-12 05:06:16'),
(225, 'Thiwi', 94, '2019-02-12 05:06:16', '2019-02-12 05:06:16'),
(226, 'Diamphwe', 94, '2019-02-12 05:06:16', '2019-02-12 05:06:16'),
(227, 'Malembo', 95, '2019-02-12 05:06:16', '2019-02-12 05:06:16'),
(228, 'Thete', 95, '2019-02-12 05:06:16', '2019-02-12 05:06:16'),
(229, 'Katewe', 96, '2019-02-12 05:06:16', '2019-02-12 05:06:16'),
(230, 'Magomero', 96, '2019-02-12 05:06:16', '2019-02-12 05:06:16'),
(231, 'Golomoti', 97, '2019-02-12 05:06:16', '2019-02-12 05:06:16'),
(232, 'Mtakataka', 97, '2019-02-12 05:06:16', '2019-02-12 05:06:16'),
(233, 'Bembeke', 98, '2019-02-12 05:06:16', '2019-02-12 05:06:16'),
(234, 'Mlunduni', 98, '2019-02-12 05:06:16', '2019-02-12 05:06:16'),
(235, 'Msunduzi', 99, '2019-02-12 05:06:16', '2019-02-12 05:06:16'),
(236, 'Kambirimbiri', 99, '2019-02-12 05:06:16', '2019-02-12 05:06:16'),
(237, 'Mkundi', 100, '2019-02-12 05:06:16', '2019-02-12 05:06:16'),
(238, 'Chongoni', 100, '2019-02-12 05:06:16', '2019-02-12 05:06:16'),
(239, 'Mphepozinai', 101, '2019-02-12 05:06:16', '2019-02-12 05:06:16'),
(240, 'Kandeu', 101, '2019-02-12 05:06:16', '2019-02-12 05:06:16'),
(241, 'Kasinje', 102, '2019-02-12 05:06:16', '2019-02-12 05:06:16'),
(242, 'Sharpe Valley', 102, '2019-02-12 05:06:16', '2019-02-12 05:06:16'),
(243, 'Mwalawoyera', 103, '2019-02-12 05:06:16', '2019-02-12 05:06:16'),
(244, 'Bilira', 103, '2019-02-12 05:06:16', '2019-02-12 05:06:16'),
(245, 'Dzunje', 104, '2019-02-12 05:06:16', '2019-02-12 05:06:16'),
(246, 'Livilidzi', 104, '2019-02-12 05:06:16', '2019-02-12 05:06:16'),
(247, 'Likudzi', 105, '2019-02-12 05:06:16', '2019-02-12 05:06:16'),
(248, 'Ntonda', 105, '2019-02-12 05:06:16', '2019-02-12 05:06:16'),
(249, 'Njolomole', 106, '2019-02-12 05:06:16', '2019-02-12 05:06:16'),
(250, 'Lizulu', 106, '2019-02-12 05:06:16', '2019-02-12 05:06:16'),
(251, 'Gomani Chikuse', 107, '2019-02-12 05:06:16', '2019-02-12 05:06:16'),
(252, 'Tsangano', 107, '2019-02-12 05:06:16', '2019-02-12 05:06:16'),
(253, 'Makanjira North', 108, '2019-02-12 05:06:16', '2019-02-12 05:06:16'),
(254, 'Makanjira South', 108, '2019-02-12 05:06:16', '2019-02-12 05:06:16'),
(255, 'Malindi', 109, '2019-02-12 05:06:16', '2019-02-12 05:06:16'),
(256, 'Mikongo', 109, '2019-02-12 05:06:16', '2019-02-12 05:06:16'),
(257, 'Maiwa', 110, '2019-02-12 05:06:16', '2019-02-12 05:06:16'),
(258, 'Masanje', 110, '2019-02-12 05:06:16', '2019-02-12 05:06:16'),
(259, 'Katuli North', 111, '2019-02-12 05:06:16', '2019-02-12 05:06:16'),
(260, 'Katuli South', 111, '2019-02-12 05:06:16', '2019-02-12 05:06:16'),
(261, 'Nlimba', 112, '2019-02-12 05:06:16', '2019-02-12 05:06:16'),
(262, 'Chipunga', 112, '2019-02-12 05:06:16', '2019-02-12 05:06:16'),
(263, 'Chilipa', 113, '2019-02-12 05:06:16', '2019-02-12 05:06:16'),
(264, 'Katemba-Mtimabi', 113, '2019-02-12 05:06:16', '2019-02-12 05:06:16'),
(265, 'Koche', 114, '2019-02-12 05:06:16', '2019-02-12 05:06:16'),
(266, 'Thundu', 114, '2019-02-12 05:06:16', '2019-02-12 05:06:16'),
(267, 'Mtumbwasi', 115, '2019-02-12 05:06:16', '2019-02-12 05:06:16'),
(268, 'Mwasa', 115, '2019-02-12 05:06:16', '2019-02-12 05:06:16'),
(269, 'Chigawe', 115, '2019-02-12 05:06:16', '2019-02-12 05:06:16'),
(270, 'Chikole', 115, '2019-02-12 05:06:16', '2019-02-12 05:06:16'),
(271, 'Kalungu', 115, '2019-02-12 05:06:16', '2019-02-12 05:06:16'),
(272, 'Mikomwa', 115, '2019-02-12 05:06:16', '2019-02-12 05:06:16'),
(273, 'Nkanamwano', 115, '2019-02-12 05:06:16', '2019-02-12 05:06:16'),
(274, 'Msikisi', 115, '2019-02-12 05:06:16', '2019-02-12 05:06:16'),
(275, 'Msukamwere', 115, '2019-02-12 05:06:16', '2019-02-12 05:06:16'),
(276, 'Ndege', 115, '2019-02-12 05:06:16', '2019-02-12 05:06:16'),
(277, 'Nkungulu', 116, '2019-02-12 05:06:16', '2019-02-12 05:06:16'),
(278, 'Mpale', 116, '2019-02-12 05:06:16', '2019-02-12 05:06:16'),
(279, 'Mvumba', 117, '2019-02-12 05:06:16', '2019-02-12 05:06:16'),
(280, 'Malembo', 117, '2019-02-12 05:06:16', '2019-02-12 05:06:16'),
(281, 'Monkey Bay', 118, '2019-02-12 05:06:16', '2019-02-12 05:06:16'),
(282, 'Nkope', 118, '2019-02-12 05:06:16', '2019-02-12 05:06:16'),
(283, 'Namavi', 119, '2019-02-12 05:06:16', '2019-02-12 05:06:16'),
(284, 'Mbwazi', 119, '2019-02-12 05:06:16', '2019-02-12 05:06:16'),
(285, 'Majuni', 120, '2019-02-12 05:06:16', '2019-02-12 05:06:16'),
(286, 'Mandimba', 120, '2019-02-12 05:06:16', '2019-02-12 05:06:16'),
(287, 'Shire', 121, '2019-02-12 05:06:16', '2019-02-12 05:06:16'),
(288, 'Nkhonde', 121, '2019-02-12 05:06:16', '2019-02-12 05:06:16'),
(289, 'Bwaila', 122, '2019-02-12 05:06:16', '2019-02-12 05:06:16'),
(290, 'Liwawadzi', 122, '2019-02-12 05:06:16', '2019-02-12 05:06:16'),
(291, 'Liviridzi', 123, '2019-02-12 05:06:16', '2019-02-12 05:06:16'),
(292, 'Mulunguzi', 123, '2019-02-12 05:06:16', '2019-02-12 05:06:16'),
(293, 'Utale', 124, '2019-02-12 05:06:16', '2019-02-12 05:06:16'),
(294, 'Chimwalire', 124, '2019-02-12 05:06:16', '2019-02-12 05:06:16'),
(295, 'Nyambi', 125, '2019-02-12 05:06:16', '2019-02-12 05:06:16'),
(296, 'Mpiri', 125, '2019-02-12 05:06:16', '2019-02-12 05:06:16'),
(297, 'Nsanama', 126, '2019-02-12 05:06:16', '2019-02-12 05:06:16'),
(298, 'Mbonechera', 126, '2019-02-12 05:06:16', '2019-02-12 05:06:16'),
(299, 'Mlomba', 127, '2019-02-12 05:06:16', '2019-02-12 05:06:16'),
(300, 'Kanjuli', 127, '2019-02-12 05:06:16', '2019-02-12 05:06:16'),
(301, 'Kawinga', 128, '2019-02-12 05:06:16', '2019-02-12 05:06:16'),
(302, 'Nkoola', 128, '2019-02-12 05:06:16', '2019-02-12 05:06:16'),
(303, 'Mposa', 129, '2019-02-12 05:06:16', '2019-02-12 05:06:16'),
(304, 'Chamba', 129, '2019-02-12 05:06:16', '2019-02-12 05:06:16'),
(305, 'Chinguni', 130, '2019-02-12 05:06:16', '2019-02-12 05:06:16'),
(306, 'Lisanjala', 130, '2019-02-12 05:06:16', '2019-02-12 05:06:16'),
(307, 'Chikweo', 131, '2019-02-12 05:06:16', '2019-02-12 05:06:16'),
(308, 'Ngokwe', 131, '2019-02-12 05:06:16', '2019-02-12 05:06:16'),
(309, 'Naisi', 132, '2019-02-12 05:06:16', '2019-02-12 05:06:16'),
(310, 'Songani', 132, '2019-02-12 05:06:16', '2019-02-12 05:06:16'),
(311, 'Chikomwe', 133, '2019-02-12 05:06:16', '2019-02-12 05:06:16'),
(312, 'Chimwalira', 133, '2019-02-12 05:06:16', '2019-02-12 05:06:16'),
(313, 'Linthipe', 134, '2019-02-12 05:06:16', '2019-02-12 05:06:16'),
(314, 'Chingale', 134, '2019-02-12 05:06:16', '2019-02-12 05:06:16'),
(315, 'Nswaswa', 135, '2019-02-12 05:06:16', '2019-02-12 05:06:16'),
(316, 'Namilongo', 135, '2019-02-12 05:06:16', '2019-02-12 05:06:16'),
(317, 'Mtungulutsi', 136, '2019-02-12 05:06:16', '2019-02-12 05:06:16'),
(318, 'Chisenjere', 136, '2019-02-12 05:06:16', '2019-02-12 05:06:16'),
(319, 'Lifani', 137, '2019-02-12 05:06:16', '2019-02-12 05:06:16'),
(320, 'Naming\'azi', 137, '2019-02-12 05:06:16', '2019-02-12 05:06:16'),
(321, 'Chanda', 138, '2019-02-12 05:06:16', '2019-02-12 05:06:16'),
(322, 'Ulumba', 138, '2019-02-12 05:06:16', '2019-02-12 05:06:16'),
(323, 'Mbindi', 139, '2019-02-12 05:06:16', '2019-02-12 05:06:16'),
(324, 'Chiphoola', 139, '2019-02-12 05:06:16', '2019-02-12 05:06:16'),
(325, 'Chilwa', 140, '2019-02-12 05:06:16', '2019-02-12 05:06:16'),
(326, 'Matiya', 140, '2019-02-12 05:06:16', '2019-02-12 05:06:16'),
(327, 'Masongola', 141, '2019-02-12 05:06:16', '2019-02-12 05:06:16'),
(328, 'Chinamwali', 141, '2019-02-12 05:06:16', '2019-02-12 05:06:16'),
(329, 'Chirunga', 141, '2019-02-12 05:06:16', '2019-02-12 05:06:16'),
(330, 'Central', 141, '2019-02-12 05:06:16', '2019-02-12 05:06:16'),
(331, 'Likangala', 141, '2019-02-12 05:06:16', '2019-02-12 05:06:16'),
(332, 'Chambo', 141, '2019-02-12 05:06:16', '2019-02-12 05:06:16'),
(333, 'Sadzi', 141, '2019-02-12 05:06:16', '2019-02-12 05:06:16'),
(334, 'Mbedza', 141, '2019-02-12 05:06:16', '2019-02-12 05:06:16'),
(335, 'Mtiya', 141, '2019-02-12 05:06:16', '2019-02-12 05:06:16'),
(336, 'Mpira', 141, '2019-02-12 05:06:16', '2019-02-12 05:06:16'),
(337, 'Mitumbira', 142, '2019-02-12 05:06:16', '2019-02-12 05:06:16'),
(338, 'Chikowa', 142, '2019-02-12 05:06:16', '2019-02-12 05:06:16'),
(339, 'Mombezi', 143, '2019-02-12 05:06:16', '2019-02-12 05:06:16'),
(340, 'Nguludi', 143, '2019-02-12 05:06:16', '2019-02-12 05:06:16'),
(341, 'Nangalukutiche', 144, '2019-02-12 05:06:16', '2019-02-12 05:06:16'),
(342, 'Ntayamwana', 144, '2019-02-12 05:06:16', '2019-02-12 05:06:16'),
(343, 'Mwanje', 145, '2019-02-12 05:06:16', '2019-02-12 05:06:16'),
(344, 'Thumbwe', 145, '2019-02-12 05:06:16', '2019-02-12 05:06:16'),
(345, 'Mulombozi', 146, '2019-02-12 05:06:16', '2019-02-12 05:06:16'),
(346, 'Lirangwe', 146, '2019-02-12 05:06:16', '2019-02-12 05:06:16'),
(347, 'Chikwembere', 147, '2019-02-12 05:06:16', '2019-02-12 05:06:16'),
(348, 'Linjidzi', 147, '2019-02-12 05:06:16', '2019-02-12 05:06:16'),
(349, 'Matindi', 148, '2019-02-12 05:06:16', '2019-02-12 05:06:16'),
(350, 'Lunzu', 148, '2019-02-12 05:06:16', '2019-02-12 05:06:16'),
(351, 'Chilaweni', 149, '2019-02-12 05:06:16', '2019-02-12 05:06:16'),
(352, 'Mudi', 149, '2019-02-12 05:06:16', '2019-02-12 05:06:16'),
(353, 'Mpemba', 150, '2019-02-12 05:06:16', '2019-02-12 05:06:16'),
(354, 'Soche', 150, '2019-02-12 05:06:16', '2019-02-12 05:06:16'),
(355, 'Chilangoma', 151, '2019-02-12 05:06:16', '2019-02-12 05:06:16'),
(356, 'Chikowa', 151, '2019-02-12 05:06:16', '2019-02-12 05:06:16'),
(357, 'Namalimwe', 152, '2019-02-12 05:06:16', '2019-02-12 05:06:16'),
(358, 'Ndirande Matope', 152, '2019-02-12 05:06:16', '2019-02-12 05:06:16'),
(359, 'Ndirande Gamulani', 153, '2019-02-12 05:06:16', '2019-02-12 05:06:16'),
(360, 'Ndirande Makata', 153, '2019-02-12 05:06:16', '2019-02-12 05:06:16'),
(361, 'Nyambadwe', 153, '2019-02-12 05:06:16', '2019-02-12 05:06:16'),
(362, 'Soche East', 154, '2019-02-12 05:06:16', '2019-02-12 05:06:16'),
(363, 'Soche West', 154, '2019-02-12 05:06:16', '2019-02-12 05:06:16'),
(364, 'Green Corner', 154, '2019-02-12 05:06:16', '2019-02-12 05:06:16'),
(365, 'Blantyre South', 154, '2019-02-12 05:06:16', '2019-02-12 05:06:16'),
(366, 'Naotcha', 154, '2019-02-12 05:06:16', '2019-02-12 05:06:16'),
(367, 'Mapanga', 155, '2019-02-12 05:06:16', '2019-02-12 05:06:16'),
(368, 'Nkolokoti', 155, '2019-02-12 05:06:16', '2019-02-12 05:06:16'),
(369, 'Limbe Central', 155, '2019-02-12 05:06:16', '2019-02-12 05:06:16'),
(370, 'Bangwe Nthandizi', 156, '2019-02-12 05:06:16', '2019-02-12 05:06:16'),
(371, 'Mzedi', 156, '2019-02-12 05:06:16', '2019-02-12 05:06:16'),
(372, 'Bangwe', 156, '2019-02-12 05:06:16', '2019-02-12 05:06:16'),
(373, 'Namiyango', 157, '2019-02-12 05:06:16', '2019-02-12 05:06:16'),
(374, 'Chigumula', 157, '2019-02-12 05:06:17', '2019-02-12 05:06:17'),
(375, 'Misesa', 157, '2019-02-12 05:06:17', '2019-02-12 05:06:17'),
(376, 'Mzamba Nantipwiri', 157, '2019-02-12 05:06:17', '2019-02-12 05:06:17'),
(377, 'Makungwa', 157, '2019-02-12 05:06:17', '2019-02-12 05:06:17'),
(378, 'Blantyre City Central', 158, '2019-02-12 05:06:17', '2019-02-12 05:06:17'),
(379, 'Chilomoni', 158, '2019-02-12 05:06:17', '2019-02-12 05:06:17'),
(380, 'Chigwaja', 158, '2019-02-12 05:06:17', '2019-02-12 05:06:17'),
(381, 'Mbayani', 159, '2019-02-12 05:06:17', '2019-02-12 05:06:17'),
(382, 'Michiru', 159, '2019-02-12 05:06:17', '2019-02-12 05:06:17'),
(383, 'South Lunzu', 159, '2019-02-12 05:06:17', '2019-02-12 05:06:17'),
(384, 'Khudze', 160, '2019-02-12 05:06:17', '2019-02-12 05:06:17'),
(385, 'Mitseche', 160, '2019-02-12 05:06:17', '2019-02-12 05:06:17'),
(386, 'Thambani', 161, '2019-02-12 05:06:17', '2019-02-12 05:06:17'),
(387, 'Mpandadzi', 161, '2019-02-12 05:06:17', '2019-02-12 05:06:17'),
(388, 'Lisungwi', 162, '2019-02-12 05:06:17', '2019-02-12 05:06:17'),
(389, 'Ligowe', 162, '2019-02-12 05:06:17', '2019-02-12 05:06:17'),
(390, 'Chilimbondo', 163, '2019-02-12 05:06:17', '2019-02-12 05:06:17'),
(391, 'Chikonde', 163, '2019-02-12 05:06:17', '2019-02-12 05:06:17'),
(392, 'Makungwa', 164, '2019-02-12 05:06:17', '2019-02-12 05:06:17'),
(393, 'Mikolongwe', 164, '2019-02-12 05:06:17', '2019-02-12 05:06:17'),
(394, 'Masenjere', 165, '2019-02-12 05:06:17', '2019-02-12 05:06:17'),
(395, 'Didi', 165, '2019-02-12 05:06:17', '2019-02-12 05:06:17'),
(396, 'Khonjeni', 166, '2019-02-12 05:06:17', '2019-02-12 05:06:17'),
(397, 'Nchima', 166, '2019-02-12 05:06:17', '2019-02-12 05:06:17'),
(398, 'Thekerani', 167, '2019-02-12 05:06:17', '2019-02-12 05:06:17'),
(399, 'Mapanga', 167, '2019-02-12 05:06:17', '2019-02-12 05:06:17'),
(400, 'Magunda', 168, '2019-02-12 05:06:17', '2019-02-12 05:06:17'),
(401, 'Muonekera', 168, '2019-02-12 05:06:17', '2019-02-12 05:06:17'),
(402, 'Namadzi', 169, '2019-02-12 05:06:17', '2019-02-12 05:06:17'),
(403, 'Namisonga', 169, '2019-02-12 05:06:17', '2019-02-12 05:06:17'),
(404, 'Sambagaru', 169, '2019-02-12 05:06:17', '2019-02-12 05:06:17'),
(405, 'Lolo', 169, '2019-02-12 05:06:17', '2019-02-12 05:06:17'),
(406, 'Mthundu', 169, '2019-02-12 05:06:17', '2019-02-12 05:06:17'),
(407, 'Luchenza', 169, '2019-02-12 05:06:17', '2019-02-12 05:06:17'),
(408, 'Mapanga', 169, '2019-02-12 05:06:17', '2019-02-12 05:06:17'),
(409, 'Kapiri', 169, '2019-02-12 05:06:17', '2019-02-12 05:06:17'),
(410, 'Masambanjati', 170, '2019-02-12 05:06:17', '2019-02-12 05:06:17'),
(411, 'Namagazi', 170, '2019-02-12 05:06:17', '2019-02-12 05:06:17'),
(412, 'Thava', 171, '2019-02-12 05:06:17', '2019-02-12 05:06:17'),
(413, 'Dzimbiri', 171, '2019-02-12 05:06:17', '2019-02-12 05:06:17'),
(414, 'Mpasa', 172, '2019-02-12 05:06:17', '2019-02-12 05:06:17'),
(415, 'Likulezi', 172, '2019-02-12 05:06:17', '2019-02-12 05:06:17'),
(416, 'Machemba', 173, '2019-02-12 05:06:17', '2019-02-12 05:06:17'),
(417, 'Migowi', 173, '2019-02-12 05:06:17', '2019-02-12 05:06:17'),
(418, 'Khongoloni', 174, '2019-02-12 05:06:17', '2019-02-12 05:06:17'),
(419, 'Thundu', 174, '2019-02-12 05:06:17', '2019-02-12 05:06:17'),
(420, 'Chiringa', 175, '2019-02-12 05:06:17', '2019-02-12 05:06:17'),
(421, 'Sukasanje', 175, '2019-02-12 05:06:17', '2019-02-12 05:06:17'),
(422, 'Mauzi', 176, '2019-02-12 05:06:17', '2019-02-12 05:06:17'),
(423, 'Swang\'oma', 176, '2019-02-12 05:06:17', '2019-02-12 05:06:17'),
(424, 'Mimosa', 177, '2019-02-12 05:06:17', '2019-02-12 05:06:17'),
(425, 'Milonde', 177, '2019-02-12 05:06:17', '2019-02-12 05:06:17'),
(426, 'Chitakale', 178, '2019-02-12 05:06:17', '2019-02-12 05:06:17'),
(427, 'Likhubula', 178, '2019-02-12 05:06:17', '2019-02-12 05:06:17'),
(428, 'Chisitu', 179, '2019-02-12 05:06:17', '2019-02-12 05:06:17'),
(429, 'Ntenjera', 179, '2019-02-12 05:06:17', '2019-02-12 05:06:17'),
(430, 'Muloza', 180, '2019-02-12 05:06:17', '2019-02-12 05:06:17'),
(431, 'Limbuli', 180, '2019-02-12 05:06:17', '2019-02-12 05:06:17'),
(432, 'Msikawanjala', 181, '2019-02-12 05:06:17', '2019-02-12 05:06:17'),
(433, 'Mkumbiza', 181, '2019-02-12 05:06:17', '2019-02-12 05:06:17'),
(434, 'Mulemba', 182, '2019-02-12 05:06:17', '2019-02-12 05:06:17'),
(435, 'Chikuli', 182, '2019-02-12 05:06:17', '2019-02-12 05:06:17'),
(436, 'Chole', 183, '2019-02-12 05:06:17', '2019-02-12 05:06:17'),
(437, 'Chambe', 183, '2019-02-12 05:06:17', '2019-02-12 05:06:17'),
(438, 'Nambilanje', 184, '2019-02-12 05:06:17', '2019-02-12 05:06:17'),
(439, 'Namboya', 184, '2019-02-12 05:06:17', '2019-02-12 05:06:17'),
(440, 'Mulomba', 185, '2019-02-12 05:06:17', '2019-02-12 05:06:17'),
(441, 'Mombezi', 185, '2019-02-12 05:06:17', '2019-02-12 05:06:17'),
(442, 'Kawanda', 186, '2019-02-12 05:06:17', '2019-02-12 05:06:17'),
(443, 'Nyakamba', 186, '2019-02-12 05:06:17', '2019-02-12 05:06:17'),
(444, 'Mikalango', 187, '2019-02-12 05:06:17', '2019-02-12 05:06:17'),
(445, 'Alumenda', 187, '2019-02-12 05:06:17', '2019-02-12 05:06:17'),
(446, 'Lengwe', 188, '2019-02-12 05:06:17', '2019-02-12 05:06:17'),
(447, 'Bwabwali', 188, '2019-02-12 05:06:17', '2019-02-12 05:06:17'),
(448, 'Mwamphanzi', 189, '2019-02-12 05:06:17', '2019-02-12 05:06:17'),
(449, 'Ndalanda', 189, '2019-02-12 05:06:17', '2019-02-12 05:06:17'),
(450, 'Makhwira North', 190, '2019-02-12 05:06:17', '2019-02-12 05:06:17'),
(451, 'Makhwira South', 190, '2019-02-12 05:06:17', '2019-02-12 05:06:17'),
(452, 'Chibisa', 191, '2019-02-12 05:06:17', '2019-02-12 05:06:17'),
(453, 'Chimwanjale', 191, '2019-02-12 05:06:17', '2019-02-12 05:06:17'),
(454, 'Nyachilenda', 192, '2019-02-12 05:06:17', '2019-02-12 05:06:17'),
(455, 'Matundu', 192, '2019-02-12 05:06:17', '2019-02-12 05:06:17'),
(456, 'Dinde', 193, '2019-02-12 05:06:17', '2019-02-12 05:06:17'),
(457, 'Chekelere', 193, '2019-02-12 05:06:17', '2019-02-12 05:06:17'),
(458, 'Chigumukire', 194, '2019-02-12 05:06:17', '2019-02-12 05:06:17'),
(459, 'Misamvu', 194, '2019-02-12 05:06:17', '2019-02-12 05:06:17'),
(460, 'Lalanje', 195, '2019-02-12 05:06:17', '2019-02-12 05:06:17'),
(461, 'Mlonda', 195, '2019-02-12 05:06:17', '2019-02-12 05:06:17'),
(462, 'Kalulu', 196, '2019-02-12 05:06:17', '2019-02-12 05:06:17'),
(463, 'Ruo', 196, '2019-02-12 05:06:17', '2019-02-12 05:06:17'),
(464, 'Area 18', 89, '2019-03-17 02:50:57', '2019-03-17 02:50:57');

--
-- Indexes for dumped tables
--

--
-- Indexes for table `constituencies`
--
ALTER TABLE `constituencies`
  ADD PRIMARY KEY (`id`),
  ADD KEY `constituency_district_fk_idx` (`district_id`);

--
-- Indexes for table `districts`
--
ALTER TABLE `districts`
  ADD PRIMARY KEY (`id`);

--
-- Indexes for table `residential_areas`
--
ALTER TABLE `residential_areas`
  ADD PRIMARY KEY (`id`),
  ADD KEY `residential_area_district_fk_idx` (`district_id`);

--
-- Indexes for table `traditional_authorities`
--
ALTER TABLE `traditional_authorities`
  ADD PRIMARY KEY (`id`),
  ADD KEY `traditional_authority_district_fk_idx` (`district_id`);

--
-- Indexes for table `wards`
--
ALTER TABLE `wards`
  ADD PRIMARY KEY (`id`),
  ADD KEY `ward_constituency_fk_idx` (`constituency_id`);

--
-- AUTO_INCREMENT for dumped tables
--

--
-- AUTO_INCREMENT for table `constituencies`
--
ALTER TABLE `constituencies`
  MODIFY `id` int UNSIGNED NOT NULL AUTO_INCREMENT, AUTO_INCREMENT=203;

--
-- AUTO_INCREMENT for table `districts`
--
ALTER TABLE `districts`
  MODIFY `id` int UNSIGNED NOT NULL AUTO_INCREMENT, AUTO_INCREMENT=29;

--
-- AUTO_INCREMENT for table `residential_areas`
--
ALTER TABLE `residential_areas`
  MODIFY `id` int UNSIGNED NOT NULL AUTO_INCREMENT, AUTO_INCREMENT=491;

--
-- AUTO_INCREMENT for table `traditional_authorities`
--
ALTER TABLE `traditional_authorities`
  MODIFY `id` int UNSIGNED NOT NULL AUTO_INCREMENT, AUTO_INCREMENT=307;

--
-- AUTO_INCREMENT for table `wards`
--
ALTER TABLE `wards`
  MODIFY `id` int UNSIGNED NOT NULL AUTO_INCREMENT, AUTO_INCREMENT=465;

--
-- Constraints for dumped tables
--

--
-- Constraints for table `constituencies`
--
ALTER TABLE `constituencies`
  ADD CONSTRAINT `constituency_district_fk_idx` FOREIGN KEY (`district_id`) REFERENCES `districts` (`id`) ON DELETE CASCADE ON UPDATE CASCADE;

--
-- Constraints for table `residential_areas`
--
ALTER TABLE `residential_areas`
  ADD CONSTRAINT `residential_area_district_fk_idx` FOREIGN KEY (`district_id`) REFERENCES `districts` (`id`) ON DELETE CASCADE ON UPDATE CASCADE;

--
-- Constraints for table `traditional_authorities`
--
ALTER TABLE `traditional_authorities`
  ADD CONSTRAINT `traditional_authority_district_fk_idx` FOREIGN KEY (`district_id`) REFERENCES `districts` (`id`) ON DELETE CASCADE ON UPDATE CASCADE;

--
-- Constraints for table `wards`
--
ALTER TABLE `wards`
  ADD CONSTRAINT `ward_constituency_fk_idx` FOREIGN KEY (`constituency_id`) REFERENCES `constituencies` (`id`) ON DELETE CASCADE ON UPDATE CASCADE;
COMMIT;

/*!40101 SET CHARACTER_SET_CLIENT=@OLD_CHARACTER_SET_CLIENT */;
/*!40101 SET CHARACTER_SET_RESULTS=@OLD_CHARACTER_SET_RESULTS */;
/*!40101 SET COLLATION_CONNECTION=@OLD_COLLATION_CONNECTION */;
