"id","district_id","name","created_at","updated_at"
"1","1","Iponjola","2019-02-12 07:06:14","2019-02-12 07:06:14"
"2","1","Kapoka","2019-02-12 07:06:14","2019-02-12 07:06:14"
"3","1","Mahowe","2019-02-12 07:06:14","2019-02-12 07:06:14"
"4","1","Nthalire","2019-02-12 07:06:14","2019-02-12 07:06:14"
"5","1","Zambwe","2019-02-12 07:06:14","2019-02-12 07:06:14"
"6","1","Yamba","2019-02-12 07:06:14","2019-02-12 07:06:14"
"7","1","Nkhangwa","2019-02-12 07:06:14","2019-02-12 07:06:14"
"8","1","Hanga","2019-02-12 07:06:14","2019-02-12 07:06:14"
"9","1","Chisenga","2019-02-12 07:06:14","2019-02-12 07:06:14"
"10","1","Wenya","2019-02-12 07:06:14","2019-02-12 07:06:14"
"11","6","Songwe","2019-02-12 07:06:14","2019-02-12 07:06:14"
"12","2","Kaporo","2019-02-12 07:06:14","2019-02-12 07:06:14"
"13","2","Chilanga","2019-02-12 07:06:14","2019-02-12 07:06:14"
"14","2","Rukuru","2019-02-12 07:06:14","2019-02-12 07:06:14"
"15","2","Lupembe","2019-02-12 07:06:14","2019-02-12 07:06:14"
"16","2","Mlale","2019-02-12 07:06:14","2019-02-12 07:06:14"
"17","2","Nyungwe","2019-02-12 07:06:14","2019-02-12 07:06:14"
"18","2","Zgeba","2019-02-12 07:06:14","2019-02-12 07:06:14"
"19","2","Khwawa","2019-02-12 07:06:14","2019-02-12 07:06:14"
"20","2","Uliwa","2019-02-12 07:06:14","2019-02-12 07:06:14"
"21","3","Tcharo","2019-02-12 07:06:14","2019-02-12 07:06:14"
"22","3","Mchenga","2019-02-12 07:06:14","2019-02-12 07:06:14"
"23","3","Chinyolo/Mphompha","2019-02-12 07:06:14","2019-02-12 07:06:14"
"24","3","Mayembe","2019-02-12 07:06:14","2019-02-12 07:06:14"
"25","3","Hewe - Mwazisi","2019-02-12 07:06:14","2019-02-12 07:06:14"
"26","3","Nkhamanga","2019-02-12 07:06:14","2019-02-12 07:06:14"
"27","3","Henga-Phoka","2019-02-12 07:06:15","2019-02-12 07:06:15"
"28","3","Phoka","2019-02-12 07:06:15","2019-02-12 07:06:15"
"29","4","Usisya","2019-02-12 07:06:15","2019-02-12 07:06:15"
"30","4","Chikwina","2019-02-12 07:06:15","2019-02-12 07:06:15"
"31","4","Boma","2019-02-12 07:06:15","2019-02-12 07:06:15"
"32","4","Kandoli","2019-02-12 07:06:15","2019-02-12 07:06:15"
"33","4","Chitheka","2019-02-12 07:06:15","2019-02-12 07:06:15"
"34","4","Tchesamu","2019-02-12 07:06:15","2019-02-12 07:06:15"
"35","4","Kavuzi","2019-02-12 07:06:15","2019-02-12 07:06:15"
"36","4","Mpamba","2019-02-12 07:06:15","2019-02-12 07:06:15"
"37","4","Sanga","2019-02-12 07:06:15","2019-02-12 07:06:15"
"38","4","Chintheche","2019-02-12 07:06:15","2019-02-12 07:06:15"
"39","4","Tukombo","2019-02-12 07:06:15","2019-02-12 07:06:15"
"40","4","Mbamba","2019-02-12 07:06:15","2019-02-12 07:06:15"
"41","5","Likoma","2019-02-12 07:06:15","2019-02-12 07:06:15"
"42","5","Chizumulu","2019-02-12 07:06:15","2019-02-12 07:06:15"
"43","6","Lupaso Nkholongo","2019-02-12 07:06:15","2019-02-12 07:06:15"
"44","6","Chibanja","2019-02-12 07:06:15","2019-02-12 07:06:15"
"45","6","Katawa","2019-02-12 07:06:15","2019-02-12 07:06:15"
"46","6","Mzilawaingwe","2019-02-12 07:06:15","2019-02-12 07:06:15"
"47","6","Mchengautuwa West","2019-02-12 07:06:15","2019-02-12 07:06:15"
"48","6","Chibavi East","2019-02-12 07:06:15","2019-02-12 07:06:15"
"49","6","Jombo/Kaning'ina","2019-02-12 07:06:15","2019-02-12 07:06:15"
"50","6","Zolozolo East","2019-02-12 07:06:15","2019-02-12 07:06:15"
"51","6","Masasa","2019-02-12 07:06:15","2019-02-12 07:06:15"
"52","6","Msongwe","2019-02-12 07:06:15","2019-02-12 07:06:15"
"53","6","Luwinga","2019-02-12 07:06:15","2019-02-12 07:06:15"
"54","6","Chiputula","2019-02-12 07:06:15","2019-02-12 07:06:15"
"55","6","Mchengautuwa West","2019-02-12 07:06:15","2019-02-12 07:06:15"
"56","6","Chibavi West","2019-02-12 07:06:15","2019-02-12 07:06:15"
"57","6","Zolozolo West","2019-02-12 07:06:15","2019-02-12 07:06:15"
"58","6","Kasito East","2019-02-12 07:06:15","2019-02-12 07:06:15"
"59","6","Kasito West","2019-02-12 07:06:15","2019-02-12 07:06:15"
"60","6","Njuyu","2019-02-12 07:06:15","2019-02-12 07:06:15"
"61","6","Ekwendeni","2019-02-12 07:06:15","2019-02-12 07:06:15"
"62","6","Kafukule","2019-02-12 07:06:15","2019-02-12 07:06:15"
"63","6","Emcisweni","2019-02-12 07:06:15","2019-02-12 07:06:15"
"64","6","Luviri","2019-02-12 07:06:15","2019-02-12 07:06:15"
"65","6","Mabiri","2019-02-12 07:06:15","2019-02-12 07:06:15"
"66","6","Euthini","2019-02-12 07:06:15","2019-02-12 07:06:15"
"67","6","Mbalachanda","2019-02-12 07:06:15","2019-02-12 07:06:15"
"68","6","Bulala","2019-02-12 07:06:15","2019-02-12 07:06:15"
"69","6","Mzalangwe","2019-02-12 07:06:15","2019-02-12 07:06:15"
"70","6","Mabilabo North","2019-02-12 07:06:15","2019-02-12 07:06:15"
"71","6","Mabilabo South","2019-02-12 07:06:15","2019-02-12 07:06:15"
"72","6","Manyamula","2019-02-12 07:06:15","2019-02-12 07:06:15"
"73","6","Perekezi","2019-02-12 07:06:15","2019-02-12 07:06:15"
"74","6","Kampingo Central","2019-02-12 07:06:15","2019-02-12 07:06:15"
"75","6","Walula","2019-02-12 07:06:15","2019-02-12 07:06:15"
"76","6","Engalaweni","2019-02-12 07:06:15","2019-02-12 07:06:15"
"77","6","Kapopo","2019-02-12 07:06:15","2019-02-12 07:06:15"
"78","6","Khonsolo North","2019-02-12 07:06:15","2019-02-12 07:06:15"
"79","6","Khonsolo South","2019-02-12 07:06:15","2019-02-12 07:06:15"
"80","7","Nthembwe","2019-02-12 07:06:15","2019-02-12 07:06:15"
"81","7","Lodjwa","2019-02-12 07:06:15","2019-02-12 07:06:15"
"82","7","Mpeni","2019-02-12 07:06:15","2019-02-12 07:06:15"
"83","7","Mthabua","2019-02-12 07:06:15","2019-02-12 07:06:15"
"84","7","Lisasadzi","2019-02-12 07:06:15","2019-02-12 07:06:15"
"85","7","Lifupa","2019-02-12 07:06:15","2019-02-12 07:06:15"
"86","7","Mpasadzi","2019-02-12 07:06:15","2019-02-12 07:06:15"
"87","7","Matenje","2019-02-12 07:06:15","2019-02-12 07:06:15"
"88","7","Chigodi","2019-02-12 07:06:15","2019-02-12 07:06:15"
"89","7","Rusa","2019-02-12 07:06:15","2019-02-12 07:06:15"
"90","7","Mziza","2019-02-12 07:06:15","2019-02-12 07:06:15"
"91","7","Chibophi","2019-02-12 07:06:15","2019-02-12 07:06:15"
"92","7","Kachokolo","2019-02-12 07:06:15","2019-02-12 07:06:15"
"93","7","Kambira","2019-02-12 07:06:15","2019-02-12 07:06:15"
"94","7","Chipala","2019-02-12 07:06:15","2019-02-12 07:06:15"
"95","7","Mponda","2019-02-12 07:06:15","2019-02-12 07:06:15"
"96","7","Belere","2019-02-12 07:06:15","2019-02-12 07:06:15"
"97","7","Chankhanga","2019-02-12 07:06:15","2019-02-12 07:06:15"
"98","7","Chimbuna","2019-02-12 07:06:15","2019-02-12 07:06:15"
"99","7","Chitete","2019-02-12 07:06:15","2019-02-12 07:06:15"
"100","7","Chithiba","2019-02-12 07:06:15","2019-02-12 07:06:15"
"101","7","Chithiba","2019-02-12 07:06:15","2019-02-12 07:06:15"
"102","7","Bunda","2019-02-12 07:06:15","2019-02-12 07:06:15"
"103","7","Kapalankhwazi","2019-02-12 07:06:15","2019-02-12 07:06:15"
"104","7","Kasalika","2019-02-12 07:06:15","2019-02-12 07:06:15"
"105","7","Kabvunguti","2019-02-12 07:06:15","2019-02-12 07:06:15"
"106","7","Ndonda","2019-02-12 07:06:15","2019-02-12 07:06:15"
"107","7","Mbongozi","2019-02-12 07:06:15","2019-02-12 07:06:15"
"108","8","Kasitu","2019-02-12 07:06:15","2019-02-12 07:06:15"
"109","8","Nkhunga","2019-02-12 07:06:15","2019-02-12 07:06:15"
"110","8","Liwaladzi","2019-02-12 07:06:15","2019-02-12 07:06:15"
"111","8","Bua","2019-02-12 07:06:15","2019-02-12 07:06:15"
"112","8","Mpondagaga","2019-02-12 07:06:15","2019-02-12 07:06:15"
"113","8","Boma","2019-02-12 07:06:15","2019-02-12 07:06:15"
"114","8","Linga-Sani","2019-02-12 07:06:15","2019-02-12 07:06:15"
"115","8","Mpama","2019-02-12 07:06:15","2019-02-12 07:06:15"
"116","8","Mtosa","2019-02-12 07:06:15","2019-02-12 07:06:15"
"117","8","Kasangadzi","2019-02-12 07:06:15","2019-02-12 07:06:15"
"118","9","Katete-Thumba","2019-02-12 07:06:15","2019-02-12 07:06:15"
"119","9","Kalira-Masamba","2019-02-12 07:06:15","2019-02-12 07:06:15"
"120","9","Bawala","2019-02-12 07:06:15","2019-02-12 07:06:15"
"121","9","Masangano","2019-02-12 07:06:15","2019-02-12 07:06:15"
"122","9","Kamlenje","2019-02-12 07:06:15","2019-02-12 07:06:15"
"123","9","Chimbwadzi","2019-02-12 07:06:15","2019-02-12 07:06:15"
"124","9","Langa","2019-02-12 07:06:15","2019-02-12 07:06:15"
"125","9","Mtsiro","2019-02-12 07:06:15","2019-02-12 07:06:15"
"126","10","Chiwere North","2019-02-12 07:06:15","2019-02-12 07:06:15"
"127","10","Chiwere East","2019-02-12 07:06:15","2019-02-12 07:06:15"
"128","10","Mukula East","2019-02-12 07:06:15","2019-02-12 07:06:15"
"129","10","Mukula West","2019-02-12 07:06:15","2019-02-12 07:06:15"
"130","10","Msakambewa East","2019-02-12 07:06:15","2019-02-12 07:06:15"
"131","10","Msakambewa West","2019-02-12 07:06:15","2019-02-12 07:06:15"
"132","10","Chakhaza South-West","2019-02-12 07:06:15","2019-02-12 07:06:15"
"133","10","Chakhaza North-West","2019-02-12 07:06:15","2019-02-12 07:06:15"
"134","10","Mponela","2019-02-12 07:06:15","2019-02-12 07:06:15"
"135","10","Dzoole North","2019-02-12 07:06:15","2019-02-12 07:06:15"
"136","10","Dzoole South","2019-02-12 07:06:15","2019-02-12 07:06:15"
"137","10","Kayembe","2019-02-12 07:06:15","2019-02-12 07:06:15"
"138","10","Chakhaza North","2019-02-12 07:06:15","2019-02-12 07:06:15"
"139","10","Chakhaza South","2019-02-12 07:06:15","2019-02-12 07:06:15"
"140","11","Liwadzi","2019-02-12 07:06:15","2019-02-12 07:06:15"
"141","11","Lingadzi","2019-02-12 07:06:15","2019-02-12 07:06:15"
"142","11","Maganga-Kuluunda","2019-02-12 07:06:15","2019-02-12 07:06:15"
"143","11","Kalonga","2019-02-12 07:06:15","2019-02-12 07:06:15"
"144","11","Ndindi","2019-02-12 07:06:15","2019-02-12 07:06:15"
"145","11","Kambalame","2019-02-12 07:06:15","2019-02-12 07:06:15"
"146","11","Kambwiri","2019-02-12 07:06:15","2019-02-12 07:06:15"
"147","11","Pemba","2019-02-12 07:06:15","2019-02-12 07:06:15"
"148","11","Chitala","2019-02-12 07:06:15","2019-02-12 07:06:15"
"149","11","Lipimbi","2019-02-12 07:06:15","2019-02-12 07:06:15"
"150","12","Mchemani","2019-02-12 07:06:15","2019-02-12 07:06:15"
"151","12","Luweledzi","2019-02-12 07:06:15","2019-02-12 07:06:15"
"152","12","Mponda","2019-02-12 07:06:15","2019-02-12 07:06:15"
"153","12","Kapiri","2019-02-12 07:06:15","2019-02-12 07:06:15"
"154","12","Mikundi","2019-02-12 07:06:15","2019-02-12 07:06:15"
"155","12","Msachembe","2019-02-12 07:06:15","2019-02-12 07:06:15"
"156","12","Mkoma","2019-02-12 07:06:15","2019-02-12 07:06:15"
"157","12","Mtope","2019-02-12 07:06:15","2019-02-12 07:06:15"
"158","12","Msitu","2019-02-12 07:06:15","2019-02-12 07:06:15"
"159","12","Namnjiwa","2019-02-12 07:06:15","2019-02-12 07:06:15"
"160","12","Kalumbe","2019-02-12 07:06:15","2019-02-12 07:06:15"
"161","12","Chimimbe","2019-02-12 07:06:15","2019-02-12 07:06:15"
"162","13","Mapuyu","2019-02-12 07:06:15","2019-02-12 07:06:15"
"163","13","Nyanja","2019-02-12 07:06:15","2019-02-12 07:06:15"
"164","13","Kachawa","2019-02-12 07:06:15","2019-02-12 07:06:15"
"165","13","Kamanzi","2019-02-12 07:06:15","2019-02-12 07:06:15"
"166","13","Demera","2019-02-12 07:06:15","2019-02-12 07:06:15"
"167","13","Kalambe","2019-02-12 07:06:15","2019-02-12 07:06:15"
"168","13","Mlodzenzi","2019-02-12 07:06:15","2019-02-12 07:06:15"
"169","13","Dzanzi","2019-02-12 07:06:15","2019-02-12 07:06:15"
"170","13","Nsanjiko","2019-02-12 07:06:15","2019-02-12 07:06:15"
"171","13","Ngala","2019-02-12 07:06:15","2019-02-12 07:06:15"
"172","13","Njewa","2019-02-12 07:06:15","2019-02-12 07:06:15"
"173","13","Nalikule","2019-02-12 07:06:15","2019-02-12 07:06:15"
"174","13","Chiwamba","2019-02-12 07:06:15","2019-02-12 07:06:15"
"175","13","Nkhoma","2019-02-12 07:06:15","2019-02-12 07:06:15"
"176","13","Chilenje","2019-02-12 07:06:15","2019-02-12 07:06:15"
"177","13","Mkuza","2019-02-12 07:06:15","2019-02-12 07:06:15"
"178","13","Mazengera","2019-02-12 07:06:15","2019-02-12 07:06:15"
"179","13","Mtenthera","2019-02-12 07:06:15","2019-02-12 07:06:15"
"180","13","Nyanja","2019-02-12 07:06:15","2019-02-12 07:06:15"
"181","13","Chowo","2019-02-12 07:06:15","2019-02-12 07:06:15"
"182","13","Chitsime","2019-02-12 07:06:15","2019-02-12 07:06:15"
"183","13","Mlodza","2019-02-12 07:06:15","2019-02-12 07:06:15"
"184","13","Chilobwe","2019-02-12 07:06:15","2019-02-12 07:06:15"
"185","13","Nyang'amire","2019-02-12 07:06:15","2019-02-12 07:06:15"
"186","13","Mteza","2019-02-12 07:06:15","2019-02-12 07:06:15"
"187","13","Milindi","2019-02-12 07:06:15","2019-02-12 07:06:15"
"188","13","Chiwenga","2019-02-12 07:06:15","2019-02-12 07:06:15"
"189","13","Mthunthumala","2019-02-12 07:06:15","2019-02-12 07:06:15"
"190","13","Bunda","2019-02-12 07:06:15","2019-02-12 07:06:15"
"191","13","Katope","2019-02-12 07:06:15","2019-02-12 07:06:15"
"192","13","Msinja","2019-02-12 07:06:15","2019-02-12 07:06:15"
"193","13","Nadzumi","2019-02-12 07:06:15","2019-02-12 07:06:15"
"194","13","Malingunde","2019-02-12 07:06:15","2019-02-12 07:06:15"
"195","13","Chiputu","2019-02-12 07:06:15","2019-02-12 07:06:15"
"196","13","Chisapo I","2019-02-12 07:06:15","2019-02-12 07:06:15"
"197","13","Chisapo II","2019-02-12 07:06:15","2019-02-12 07:06:15"
"198","13","Phwetekere","2019-02-12 07:06:15","2019-02-12 07:06:15"
"199","13","Mbidzi","2019-02-12 07:06:15","2019-02-12 07:06:15"
"200","13","Chigoneka","2019-02-12 07:06:15","2019-02-12 07:06:15"
"201","13","Mtsiliza","2019-02-12 07:06:15","2019-02-12 07:06:15"
"202","13","Mtandire","2019-02-12 07:06:15","2019-02-12 07:06:15"
"203","13","Mvunguti","2019-02-12 07:06:15","2019-02-12 07:06:15"
"204","13","M'gona - Chitata","2019-02-12 07:06:15","2019-02-12 07:06:15"
"205","13","Kabwabwa","2019-02-12 07:06:15","2019-02-12 07:06:15"
"206","13","Chimutu","2019-02-12 07:06:15","2019-02-12 07:06:15"
"207","13","Nyama","2019-02-12 07:06:15","2019-02-12 07:06:15"
"208","13","Maria","2019-02-12 07:06:15","2019-02-12 07:06:15"
"209","13","Nankhaka","2019-02-12 07:06:15","2019-02-12 07:06:15"
"210","13","Lumbadzi","2019-02-12 07:06:15","2019-02-12 07:06:15"
"211","13","State House","2019-02-12 07:06:15","2019-02-12 07:06:15"
"212","13","Chilinde I","2019-02-12 07:06:15","2019-02-12 07:06:15"
"213","13","Chilinde II","2019-02-12 07:06:15","2019-02-12 07:06:15"
"214","13","Kaliyeka","2019-02-12 07:06:15","2019-02-12 07:06:15"
"215","13","Tsabango I","2019-02-12 07:06:15","2019-02-12 07:06:15"
"216","13","Tsabango II","2019-02-12 07:06:15","2019-02-12 07:06:15"
"217","13","Kawale I","2019-02-12 07:06:15","2019-02-12 07:06:15"
"218","13","Kawale II","2019-02-12 07:06:15","2019-02-12 07:06:15"
"219","13","Ngwenya","2019-02-12 07:06:15","2019-02-12 07:06:15"
"220","13","Biwi","2019-02-12 07:06:15","2019-02-12 07:06:15"
"221","13","Mchesi","2019-02-12 07:06:15","2019-02-12 07:06:15"
"222","13","Sese","2019-02-12 07:06:15","2019-02-12 07:06:15"
"223","14","Mayani North","2019-02-12 07:06:15","2019-02-12 07:06:15"
"224","14","Mayani South","2019-02-12 07:06:15","2019-02-12 07:06:15"
"225","14","Thiwi","2019-02-12 07:06:15","2019-02-12 07:06:15"
"226","14","Diamphwe","2019-02-12 07:06:15","2019-02-12 07:06:15"
"227","14","Malembo","2019-02-12 07:06:15","2019-02-12 07:06:15"
"228","14","Thete","2019-02-12 07:06:15","2019-02-12 07:06:15"
"229","14","Katewe","2019-02-12 07:06:15","2019-02-12 07:06:15"
"230","14","Magomero","2019-02-12 07:06:15","2019-02-12 07:06:15"
"231","14","Golomoti","2019-02-12 07:06:15","2019-02-12 07:06:15"
"232","14","Mtakataka","2019-02-12 07:06:15","2019-02-12 07:06:15"
"233","14","Bembeke","2019-02-12 07:06:15","2019-02-12 07:06:15"
"234","14","Mlunduni","2019-02-12 07:06:15","2019-02-12 07:06:15"
"235","14","Msunduzi","2019-02-12 07:06:15","2019-02-12 07:06:15"
"236","14","Kambirimbiri","2019-02-12 07:06:15","2019-02-12 07:06:15"
"237","14","Mkundi","2019-02-12 07:06:15","2019-02-12 07:06:15"
"238","14","Chongoni","2019-02-12 07:06:15","2019-02-12 07:06:15"
"239","15","Mphepozinai","2019-02-12 07:06:15","2019-02-12 07:06:15"
"240","15","Kandeu","2019-02-12 07:06:15","2019-02-12 07:06:15"
"241","15","Kasinje","2019-02-12 07:06:15","2019-02-12 07:06:15"
"242","15","Sharpe Valley","2019-02-12 07:06:15","2019-02-12 07:06:15"
"243","15","Mwalawoyera","2019-02-12 07:06:15","2019-02-12 07:06:15"
"244","15","Bilira","2019-02-12 07:06:15","2019-02-12 07:06:15"
"245","15","Dzunje","2019-02-12 07:06:15","2019-02-12 07:06:15"
"246","15","Livilidzi","2019-02-12 07:06:15","2019-02-12 07:06:15"
"247","15","Likudzi","2019-02-12 07:06:15","2019-02-12 07:06:15"
"248","15","Ntonda","2019-02-12 07:06:15","2019-02-12 07:06:15"
"249","15","Njolomole","2019-02-12 07:06:15","2019-02-12 07:06:15"
"250","15","Lizulu","2019-02-12 07:06:15","2019-02-12 07:06:15"
"251","15","Gomani Chikuse","2019-02-12 07:06:15","2019-02-12 07:06:15"
"252","15","Tsangano","2019-02-12 07:06:15","2019-02-12 07:06:15"
"253","16","Makanjira North","2019-02-12 07:06:15","2019-02-12 07:06:15"
"254","16","Makanjira South","2019-02-12 07:06:15","2019-02-12 07:06:15"
"255","16","Malindi","2019-02-12 07:06:15","2019-02-12 07:06:15"
"256","16","Mikongo","2019-02-12 07:06:15","2019-02-12 07:06:15"
"257","16","Maiwa","2019-02-12 07:06:15","2019-02-12 07:06:15"
"258","16","Masanje","2019-02-12 07:06:15","2019-02-12 07:06:15"
"259","16","Katuli North","2019-02-12 07:06:15","2019-02-12 07:06:15"
"260","16","Katuli South","2019-02-12 07:06:15","2019-02-12 07:06:15"
"261","16","Nlimba","2019-02-12 07:06:15","2019-02-12 07:06:15"
"262","16","Chipunga","2019-02-12 07:06:15","2019-02-12 07:06:15"
"263","16","Chilipa","2019-02-12 07:06:15","2019-02-12 07:06:15"
"264","16","Katemba-Mtimabi","2019-02-12 07:06:15","2019-02-12 07:06:15"
"265","16","Koche","2019-02-12 07:06:15","2019-02-12 07:06:15"
"266","16","Thundu","2019-02-12 07:06:15","2019-02-12 07:06:15"
"267","16","Mtumbwasi","2019-02-12 07:06:15","2019-02-12 07:06:15"
"268","16","Mwasa","2019-02-12 07:06:15","2019-02-12 07:06:15"
"269","16","Chigawe","2019-02-12 07:06:15","2019-02-12 07:06:15"
"270","16","Chikole","2019-02-12 07:06:15","2019-02-12 07:06:15"
"271","16","Kalungu","2019-02-12 07:06:15","2019-02-12 07:06:15"
"272","16","Mikomwa","2019-02-12 07:06:15","2019-02-12 07:06:15"
"273","16","Nkanamwano","2019-02-12 07:06:15","2019-02-12 07:06:15"
"274","16","Msikisi","2019-02-12 07:06:15","2019-02-12 07:06:15"
"275","16","Msukamwere","2019-02-12 07:06:15","2019-02-12 07:06:15"
"276","16","Ndege","2019-02-12 07:06:15","2019-02-12 07:06:15"
"277","16","Nkungulu","2019-02-12 07:06:15","2019-02-12 07:06:15"
"278","16","Mpale","2019-02-12 07:06:15","2019-02-12 07:06:15"
"279","16","Mvumba","2019-02-12 07:06:15","2019-02-12 07:06:15"
"280","16","Malembo","2019-02-12 07:06:15","2019-02-12 07:06:15"
"281","16","Monkey Bay","2019-02-12 07:06:15","2019-02-12 07:06:15"
"282","16","Nkope","2019-02-12 07:06:15","2019-02-12 07:06:15"
"283","16","Namavi","2019-02-12 07:06:15","2019-02-12 07:06:15"
"284","16","Mbwazi","2019-02-12 07:06:15","2019-02-12 07:06:15"
"285","16","Majuni","2019-02-12 07:06:15","2019-02-12 07:06:15"
"286","16","Mandimba","2019-02-12 07:06:15","2019-02-12 07:06:15"
"287","17","Shire","2019-02-12 07:06:15","2019-02-12 07:06:15"
"288","17","Nkhonde","2019-02-12 07:06:15","2019-02-12 07:06:15"
"289","17","Bwaila","2019-02-12 07:06:15","2019-02-12 07:06:15"
"290","17","Liwawadzi","2019-02-12 07:06:15","2019-02-12 07:06:15"
"291","17","Liviridzi","2019-02-12 07:06:15","2019-02-12 07:06:15"
"292","17","Mulunguzi","2019-02-12 07:06:15","2019-02-12 07:06:15"
"293","17","Utale","2019-02-12 07:06:15","2019-02-12 07:06:15"
"294","17","Chimwalire","2019-02-12 07:06:15","2019-02-12 07:06:15"
"295","18","Nyambi","2019-02-12 07:06:15","2019-02-12 07:06:15"
"296","18","Mpiri","2019-02-12 07:06:15","2019-02-12 07:06:15"
"297","18","Nsanama","2019-02-12 07:06:15","2019-02-12 07:06:15"
"298","18","Mbonechera","2019-02-12 07:06:15","2019-02-12 07:06:15"
"299","18","Mlomba","2019-02-12 07:06:15","2019-02-12 07:06:15"
"300","18","Kanjuli","2019-02-12 07:06:15","2019-02-12 07:06:15"
"301","18","Kawinga","2019-02-12 07:06:15","2019-02-12 07:06:15"
"302","18","Nkoola","2019-02-12 07:06:15","2019-02-12 07:06:15"
"303","18","Mposa","2019-02-12 07:06:15","2019-02-12 07:06:15"
"304","18","Chamba","2019-02-12 07:06:15","2019-02-12 07:06:15"
"305","18","Chinguni","2019-02-12 07:06:15","2019-02-12 07:06:15"
"306","18","Lisanjala","2019-02-12 07:06:15","2019-02-12 07:06:15"
"307","18","Chikweo","2019-02-12 07:06:15","2019-02-12 07:06:15"
"308","18","Ngokwe","2019-02-12 07:06:15","2019-02-12 07:06:15"
"309","19","Naisi","2019-02-12 07:06:15","2019-02-12 07:06:15"
"310","19","Songani","2019-02-12 07:06:15","2019-02-12 07:06:15"
"311","19","Chikomwe","2019-02-12 07:06:15","2019-02-12 07:06:15"
"312","19","Chimwalira","2019-02-12 07:06:15","2019-02-12 07:06:15"
"313","19","Linthipe","2019-02-12 07:06:15","2019-02-12 07:06:15"
"314","19","Chingale","2019-02-12 07:06:15","2019-02-12 07:06:15"
"315","19","Nswaswa","2019-02-12 07:06:15","2019-02-12 07:06:15"
"316","19","Namilongo","2019-02-12 07:06:15","2019-02-12 07:06:15"
"317","19","Mtungulutsi","2019-02-12 07:06:15","2019-02-12 07:06:15"
"318","19","Chisenjere","2019-02-12 07:06:15","2019-02-12 07:06:15"
"319","19","Lifani","2019-02-12 07:06:15","2019-02-12 07:06:15"
"320","19","Naming'azi","2019-02-12 07:06:15","2019-02-12 07:06:15"
"321","19","Chanda","2019-02-12 07:06:15","2019-02-12 07:06:15"
"322","19","Ulumba","2019-02-12 07:06:15","2019-02-12 07:06:15"
"323","19","Mbindi","2019-02-12 07:06:15","2019-02-12 07:06:15"
"324","19","Chiphoola","2019-02-12 07:06:15","2019-02-12 07:06:15"
"325","19","Chilwa","2019-02-12 07:06:15","2019-02-12 07:06:15"
"326","19","Matiya","2019-02-12 07:06:15","2019-02-12 07:06:15"
"327","19","Masongola","2019-02-12 07:06:15","2019-02-12 07:06:15"
"328","19","Chinamwali","2019-02-12 07:06:15","2019-02-12 07:06:15"
"329","19","Chirunga","2019-02-12 07:06:15","2019-02-12 07:06:15"
"330","19","Central","2019-02-12 07:06:15","2019-02-12 07:06:15"
"331","19","Likangala","2019-02-12 07:06:15","2019-02-12 07:06:15"
"332","19","Chambo","2019-02-12 07:06:15","2019-02-12 07:06:15"
"333","19","Sadzi","2019-02-12 07:06:15","2019-02-12 07:06:15"
"334","19","Mbedza","2019-02-12 07:06:15","2019-02-12 07:06:15"
"335","19","Mtiya","2019-02-12 07:06:15","2019-02-12 07:06:15"
"336","19","Mpira","2019-02-12 07:06:15","2019-02-12 07:06:15"
"337","20","Mitumbira","2019-02-12 07:06:15","2019-02-12 07:06:15"
"338","20","Chikowa","2019-02-12 07:06:15","2019-02-12 07:06:15"
"339","20","Mombezi","2019-02-12 07:06:15","2019-02-12 07:06:15"
"340","20","Nguludi","2019-02-12 07:06:15","2019-02-12 07:06:15"
"341","20","Nangalukutiche","2019-02-12 07:06:15","2019-02-12 07:06:15"
"342","20","Ntayamwana","2019-02-12 07:06:15","2019-02-12 07:06:15"
"343","20","Mwanje","2019-02-12 07:06:15","2019-02-12 07:06:15"
"344","20","Thumbwe","2019-02-12 07:06:15","2019-02-12 07:06:15"
"345","20","Mulombozi","2019-02-12 07:06:15","2019-02-12 07:06:15"
"346","20","Lirangwe","2019-02-12 07:06:15","2019-02-12 07:06:15"
"347","21","Chikwembere","2019-02-12 07:06:15","2019-02-12 07:06:15"
"348","21","Linjidzi","2019-02-12 07:06:15","2019-02-12 07:06:15"
"349","21","Matindi","2019-02-12 07:06:15","2019-02-12 07:06:15"
"350","21","Lunzu","2019-02-12 07:06:15","2019-02-12 07:06:15"
"351","21","Chilaweni","2019-02-12 07:06:15","2019-02-12 07:06:15"
"352","21","Mudi","2019-02-12 07:06:15","2019-02-12 07:06:15"
"353","21","Mpemba","2019-02-12 07:06:15","2019-02-12 07:06:15"
"354","21","Soche","2019-02-12 07:06:15","2019-02-12 07:06:15"
"355","21","Chilangoma","2019-02-12 07:06:15","2019-02-12 07:06:15"
"356","21","Chikowa","2019-02-12 07:06:15","2019-02-12 07:06:15"
"357","21","Namalimwe","2019-02-12 07:06:15","2019-02-12 07:06:15"
"358","21","Ndirande Matope","2019-02-12 07:06:15","2019-02-12 07:06:15"
"359","21","Ndirande Gamulani","2019-02-12 07:06:15","2019-02-12 07:06:15"
"360","21","Ndirande Makata","2019-02-12 07:06:15","2019-02-12 07:06:15"
"361","21","Nyambadwe","2019-02-12 07:06:15","2019-02-12 07:06:15"
"362","21","Soche East","2019-02-12 07:06:15","2019-02-12 07:06:15"
"363","21","Soche West","2019-02-12 07:06:15","2019-02-12 07:06:15"
"364","21","Green Corner","2019-02-12 07:06:15","2019-02-12 07:06:15"
"365","21","Blantyre South","2019-02-12 07:06:15","2019-02-12 07:06:15"
"366","21","Naotcha","2019-02-12 07:06:15","2019-02-12 07:06:15"
"367","21","Mapanga","2019-02-12 07:06:15","2019-02-12 07:06:15"
"368","21","Nkolokoti","2019-02-12 07:06:15","2019-02-12 07:06:15"
"369","21","Limbe Central","2019-02-12 07:06:15","2019-02-12 07:06:15"
"370","21","Bangwe Nthandizi","2019-02-12 07:06:15","2019-02-12 07:06:15"
"371","21","Mzedi","2019-02-12 07:06:15","2019-02-12 07:06:15"
"372","21","Bangwe","2019-02-12 07:06:15","2019-02-12 07:06:15"
"373","21","Namiyango","2019-02-12 07:06:15","2019-02-12 07:06:15"
"374","21","Chigumula","2019-02-12 07:06:15","2019-02-12 07:06:15"
"375","21","Misesa","2019-02-12 07:06:15","2019-02-12 07:06:15"
"376","21","Mzamba Nantipwiri","2019-02-12 07:06:15","2019-02-12 07:06:15"
"377","21","Makungwa","2019-02-12 07:06:15","2019-02-12 07:06:15"
"378","21","Blantyre City Central","2019-02-12 07:06:15","2019-02-12 07:06:15"
"379","21","Chilomoni","2019-02-12 07:06:15","2019-02-12 07:06:15"
"380","158","Chigwaja","2019-02-12 07:06:15","2019-02-12 07:06:15"
"381","21","Mbayani","2019-02-12 07:06:15","2019-02-12 07:06:15"
"382","21","Michiru","2019-02-12 07:06:15","2019-02-12 07:06:15"
"383","21","South Lunzu","2019-02-12 07:06:15","2019-02-12 07:06:15"
"384","22","Khudze","2019-02-12 07:06:15","2019-02-12 07:06:15"
"385","22","Mitseche","2019-02-12 07:06:15","2019-02-12 07:06:15"
"386","22","Thambani","2019-02-12 07:06:15","2019-02-12 07:06:15"
"387","22","Mpandadzi","2019-02-12 07:06:15","2019-02-12 07:06:15"
"388","23","Lisungwi","2019-02-12 07:06:15","2019-02-12 07:06:15"
"389","23","Ligowe","2019-02-12 07:06:15","2019-02-12 07:06:15"
"390","23","Chilimbondo","2019-02-12 07:06:15","2019-02-12 07:06:15"
"391","23","Chikonde","2019-02-12 07:06:15","2019-02-12 07:06:15"
"392","24","Makungwa","2019-02-12 07:06:15","2019-02-12 07:06:15"
"393","24","Mikolongwe","2019-02-12 07:06:15","2019-02-12 07:06:15"
"394","24","Masenjere","2019-02-12 07:06:15","2019-02-12 07:06:15"
"395","24","Didi","2019-02-12 07:06:15","2019-02-12 07:06:15"
"396","24","Khonjeni","2019-02-12 07:06:15","2019-02-12 07:06:15"
"397","24","Nchima","2019-02-12 07:06:15","2019-02-12 07:06:15"
"398","24","Thekerani","2019-02-12 07:06:15","2019-02-12 07:06:15"
"399","24","Mapanga","2019-02-12 07:06:15","2019-02-12 07:06:15"
"400","24","Magunda","2019-02-12 07:06:15","2019-02-12 07:06:15"
"401","24","Muonekera","2019-02-12 07:06:15","2019-02-12 07:06:15"
"402","24","Namadzi","2019-02-12 07:06:15","2019-02-12 07:06:15"
"403","24","Namisonga","2019-02-12 07:06:15","2019-02-12 07:06:15"
"404","24","Sambagaru","2019-02-12 07:06:15","2019-02-12 07:06:15"
"405","24","Lolo","2019-02-12 07:06:15","2019-02-12 07:06:15"
"406","24","Mthundu","2019-02-12 07:06:15","2019-02-12 07:06:15"
"407","24","Luchenza","2019-02-12 07:06:15","2019-02-12 07:06:15"
"408","24","Mapanga","2019-02-12 07:06:15","2019-02-12 07:06:15"
"409","24","Kapiri","2019-02-12 07:06:15","2019-02-12 07:06:15"
"410","24","Masambanjati","2019-02-12 07:06:15","2019-02-12 07:06:15"
"411","24","Namagazi","2019-02-12 07:06:15","2019-02-12 07:06:15"
"412","24","Thava","2019-02-12 07:06:15","2019-02-12 07:06:15"
"413","24","Dzimbiri","2019-02-12 07:06:15","2019-02-12 07:06:15"
"414","27","Mpasa","2019-02-12 07:06:15","2019-02-12 07:06:15"
"415","27","Likulezi","2019-02-12 07:06:15","2019-02-12 07:06:15"
"416","27","Machemba","2019-02-12 07:06:15","2019-02-12 07:06:15"
"417","27","Migowi","2019-02-12 07:06:15","2019-02-12 07:06:15"
"418","27","Khongoloni","2019-02-12 07:06:15","2019-02-12 07:06:15"
"419","27","Thundu","2019-02-12 07:06:15","2019-02-12 07:06:15"
"420","27","Chiringa","2019-02-12 07:06:15","2019-02-12 07:06:15"
"421","27","Sukasanje","2019-02-12 07:06:15","2019-02-12 07:06:15"
"422","27","Mauzi","2019-02-12 07:06:15","2019-02-12 07:06:15"
"423","27","Swang'oma","2019-02-12 07:06:15","2019-02-12 07:06:15"
"424","26","Mimosa","2019-02-12 07:06:15","2019-02-12 07:06:15"
"425","26","Milonde","2019-02-12 07:06:15","2019-02-12 07:06:15"
"426","26","Chitakale","2019-02-12 07:06:15","2019-02-12 07:06:15"
"427","26","Likhubula","2019-02-12 07:06:15","2019-02-12 07:06:15"
"428","26","Chisitu","2019-02-12 07:06:15","2019-02-12 07:06:15"
"429","26","Ntenjera","2019-02-12 07:06:15","2019-02-12 07:06:15"
"430","26","Muloza","2019-02-12 07:06:15","2019-02-12 07:06:15"
"431","26","Limbuli","2019-02-12 07:06:15","2019-02-12 07:06:15"
"432","26","Msikawanjala","2019-02-12 07:06:15","2019-02-12 07:06:15"
"433","26","Mkumbiza","2019-02-12 07:06:15","2019-02-12 07:06:15"
"434","26","Mulemba","2019-02-12 07:06:15","2019-02-12 07:06:15"
"435","26","Chikuli","2019-02-12 07:06:15","2019-02-12 07:06:15"
"436","26","Chole","2019-02-12 07:06:15","2019-02-12 07:06:15"
"437","26","Chambe","2019-02-12 07:06:15","2019-02-12 07:06:15"
"438","26","Nambilanje","2019-02-12 07:06:15","2019-02-12 07:06:15"
"439","26","Namboya","2019-02-12 07:06:15","2019-02-12 07:06:15"
"440","26","Mulomba","2019-02-12 07:06:15","2019-02-12 07:06:15"
"441","26","Mombezi","2019-02-12 07:06:15","2019-02-12 07:06:15"
"442","27","Kawanda","2019-02-12 07:06:15","2019-02-12 07:06:15"
"443","27","Nyakamba","2019-02-12 07:06:15","2019-02-12 07:06:15"
"444","27","Mikalango","2019-02-12 07:06:15","2019-02-12 07:06:15"
"445","27","Alumenda","2019-02-12 07:06:15","2019-02-12 07:06:15"
"446","27","Lengwe","2019-02-12 07:06:15","2019-02-12 07:06:15"
"447","27","Bwabwali","2019-02-12 07:06:15","2019-02-12 07:06:15"
"448","27","Mwamphanzi","2019-02-12 07:06:15","2019-02-12 07:06:15"
"449","27","Ndalanda","2019-02-12 07:06:15","2019-02-12 07:06:15"
"450","27","Makhwira North","2019-02-12 07:06:15","2019-02-12 07:06:15"
"451","27","Makhwira South","2019-02-12 07:06:15","2019-02-12 07:06:15"
"452","27","Chibisa","2019-02-12 07:06:15","2019-02-12 07:06:15"
"453","27","Chimwanjale","2019-02-12 07:06:15","2019-02-12 07:06:15"
"454","28","Nyachilenda","2019-02-12 07:06:15","2019-02-12 07:06:15"
"455","28","Matundu","2019-02-12 07:06:15","2019-02-12 07:06:15"
"456","28","Dinde","2019-02-12 07:06:15","2019-02-12 07:06:15"
"457","28","Chekelere","2019-02-12 07:06:15","2019-02-12 07:06:15"
"458","28","Chigumukire","2019-02-12 07:06:15","2019-02-12 07:06:15"
"459","28","Misamvu","2019-02-12 07:06:15","2019-02-12 07:06:15"
"460","28","Lalanje","2019-02-12 07:06:15","2019-02-12 07:06:15"
"461","28","Mlonda","2019-02-12 07:06:15","2019-02-12 07:06:15"
"462","28","Kalulu","2019-02-12 07:06:15","2019-02-12 07:06:15"
"463","28","Ruo","2019-02-12 07:06:15","2019-02-12 07:06:15"
"470","13","Area 23","2019-04-17 16:07:27","2019-04-17 16:07:27"
"471","13","Area 25","2019-04-17 16:08:09","2019-04-17 16:08:09"
"472","13","Area 36","2019-04-18 13:02:56","2019-04-18 13:02:56"
"473","13","Nkula Falls","2019-04-18 13:12:46","2019-04-18 13:12:46"
"474","13","Chitipa Boma","2019-04-18 13:12:58","2019-04-18 13:12:58"
"475","13","Mpemba","2019-04-18 13:13:19","2019-04-18 13:13:19"
"476","21","Michiru","2019-04-18 13:14:06","2019-04-18 13:14:06"
"477","27","Ngabu","2019-04-19 11:27:19","2019-04-19 11:27:19"
"478","28","Ngabu","2019-04-19 11:28:16","2019-04-19 11:28:16"
"479","25","TA Mkhumba","2019-04-23 11:08:08","2019-04-23 11:08:08"
"480","25","TA Nazombe","2019-04-23 11:08:19","2019-04-23 11:08:19"
"481","25","TA Chiwalo","2019-04-23 11:08:28","2019-04-23 11:08:28"
"482","25","TA Nkhulambe","2019-04-23 11:08:36","2019-04-23 11:08:36"
"483","25","TA Jenala","2019-04-23 11:08:45","2019-04-23 11:08:45"
"484","25","TA Kaduya","2019-04-23 11:08:54","2019-04-23 11:08:54"
"485","25","Phalombe Boma","2019-04-23 11:09:04","2019-04-23 11:09:04"
"486","13","Likuni","2019-04-25 10:30:49","2019-04-25 10:30:49"
"487","14","Dedza Airfield","2019-04-30 15:08:29","2019-04-30 15:08:29"
"488","4","LIUZI","2019-06-25 10:32:47","2019-06-25 10:32:47"
"489","6","MOVETE","2019-06-25 11:21:21","2019-06-25 11:21:21"
"490","6","Kapopo","2019-06-25 14:20:39","2019-06-25 14:20:39"
